product_category_name_english,units_s,revenue_s,price_s,units0,revenue0,price0,scenario,delta_units,delta_revenue,pct_dQ,pct_dP,elasticity
agro_industry_and_commerce,33.63311,5443.007632,161.8348056,40.933495,7793.487444,190.3938889,-0.15,-7.3003845,-2350.479812,-0.17834745,-0.15,1.188983023
air_conditioning,40.189842,6403.87534,159.3406458,31.453566,5896.272167,187.4595833,-0.15,8.736277,507.6031728,0.27775156,-0.15,-1.8516771
art,7.5969443,581.8227531,76.58641667,6.2517896,563.2966867,90.10166667,-0.15,1.3451548,18.5260664,0.21516316,-0.15,-1.434421043
arts_and_craftmanship,18.192743,1222.016914,67.17056696,23.798225,1880.635695,79.02419643,-0.15,-5.605482,-658.6187812,-0.23554201,-0.15,1.570280095
audio,75.815384,6348.743601,83.73952083,62.563835,6163.606795,98.51708333,-0.15,13.251549,185.1368057,0.21180844,-0.15,-1.412056287
auto,432.94858,44196.32478,102.0821545,431.6524,51840.00879,120.0966523,-0.15,1.2961731,-7643.684008,0.003002817,-0.15,-0.020018779
baby,254.69905,21198.17058,83.22830612,236.46814,23153.9326,97.91565425,-0.15,18.230911,-1955.762028,0.07709669,-0.15,-0.513977955
bed_bath_table,618.5888,48736.58454,78.78672239,578.4978,53621.11163,92.69026163,-0.15,40.091003,-4884.527086,0.06930191,-0.15,-0.462012738
books_general_interest,70.57334,2705.450856,38.33530782,78.29363,3531.071179,45.10036214,-0.15,-7.720291,-825.6203227,-0.098606884,-0.15,0.65737923
books_imported,8.7083845,1608.130484,184.664625,10.63573,2310.638847,217.2525,-0.15,-1.9273453,-702.5083637,-0.1812142,-0.15,1.208094656
books_technical,61.581734,2594.244201,42.12684517,61.958138,3070.706948,49.56099432,-0.15,-0.3764038,-476.4627472,-0.006075131,-0.15,0.040500875
cds_dvds_musicals,6.9686747,385.0192848,55.25,7.2799373,473.1959301,65,-0.15,-0.3112626,-88.17664529,-0.042756222,-0.15,0.285041481
christmas_supplies,24.941874,1356.556974,54.3887375,25.621706,1639.449712,63.98675,-0.15,-0.67983246,-282.8927378,-0.026533458,-0.15,0.176889723
cine_photo,11.896726,592.9150706,49.83851042,11.930591,699.5327723,58.63354167,-0.15,-0.033864975,-106.6177017,-0.002838499,-0.15,0.018923329
computers,28.998451,20749.57026,715.540625,27.899677,23486.29768,841.8125,-0.15,1.098774,-2736.727419,0.039383035,-0.15,-0.262553568
computers_accessories,462.80518,36464.08869,78.78928326,435.4534,40363.60077,92.69327442,-0.15,27.351776,-3899.512076,0.06281218,-0.15,-0.418747862
consoles_games,101.53431,8836.683852,87.03150759,92.79386,9501.164345,102.3900089,-0.15,8.740448,-664.480493,0.094192095,-0.15,-0.627947301
construction_tools_construction,273.21912,32541.87664,119.1054115,281.44995,39437.89598,140.1240136,-0.15,-8.230835,-6896.019337,-0.0292444,-0.15,0.19496267
construction_tools_lights,91.98744,10757.03519,116.9402615,99.09086,13632.60092,137.5767782,-0.15,-7.1034164,-2875.565738,-0.07168589,-0.15,0.477905919
construction_tools_safety,45.576305,5952.589452,130.6071042,45.016376,6917.010307,153.6554167,-0.15,0.5599289,-964.4208547,0.012438337,-0.15,-0.082922249
cool_stuff,149.65105,17352.91733,115.9558693,162.2482,22133.6842,136.4186698,-0.15,-12.597153,-4780.766866,-0.07764125,-0.15,0.517608325
costruction_tools_garden,11.516404,1081.883188,93.94279688,15.989724,1767.199318,110.5209375,-0.15,-4.47332,-685.3161296,-0.27976218,-0.15,1.865081191
costruction_tools_tools,20.817587,2074.987048,99.67471875,25.273188,2963.644608,117.264375,-0.15,-4.4556007,-888.6575606,-0.17629753,-0.15,1.17531687
diapers_and_hygiene,6.660472,394.7270402,59.264125,8.836624,616.1115395,69.7225,-0.15,-2.1761522,-221.3844993,-0.24626511,-0.15,1.641767422
drinks,42.79709,1776.914578,41.5195191,48.00615,2344.932085,48.84649306,-0.15,-5.2090607,-568.0175066,-0.1085082,-0.15,0.723387996
dvds_blu_ray,9.353107,375.7137562,40.1699375,9.0743475,428.8423282,47.25875,-0.15,0.27875996,-53.12857202,0.03071956,-0.15,-0.204797064
electronics,227.87653,18404.56153,80.76550124,218.28856,20741.39398,95.01823676,-0.15,9.587967,-2336.83245,0.04392336,-0.15,-0.292822396
fashio_female_clothing,11.28413,353.5910469,31.33525,11.0826845,408.5631669,36.865,-0.15,0.20144558,-54.97211997,0.018176606,-0.15,-0.121177373
fashion_bags_accessories,224.31259,12372.77504,55.15862768,208.05649,13501.30594,64.89250316,-0.15,16.256104,-1128.530898,0.07813312,-0.15,-0.520887474
fashion_childrens_clothes,5.7201495,255.2130456,44.6165,6.3433404,332.9619343,52.49,-0.15,-0.6231909,-77.74888869,-0.098243326,-0.15,0.654955506
fashion_male_clothing,8.9532795,813.6158442,90.8735,10.764717,1150.855956,106.91,-0.15,-1.8114376,-337.2401121,-0.16827545,-0.15,1.121836305
fashion_shoes,26.112362,3839.822696,147.05,25.176167,4355.476872,173,-0.15,0.9361954,-515.6541765,0.03718578,-0.15,-0.247905205
fashion_sport,7.238136,476.1969592,65.79,7.057315,546.2361712,77.4,-0.15,0.18082094,-70.03921198,0.025621776,-0.15,-0.170811837
fashion_underwear_beach,10.453079,621.180759,59.425625,12.395585,866.6063238,69.9125,-0.15,-1.9425058,-245.4255649,-0.15670949,-0.15,1.044729948
fixed_telephony,48.553604,10950.50723,225.5343958,49.85666,13228.6957,265.3345833,-0.15,-1.3030548,-2278.188464,-0.026136024,-0.15,0.174240159
flowers,8.614011,322.7955168,37.4733125,8.874908,391.2614457,44.08625,-0.15,-0.26089764,-68.46592891,-0.02939722,-0.15,0.195981463
food,141.46126,8318.169706,58.8017493,143.6372,9936.611095,69.17852859,-0.15,-2.175949,-1618.44139,-0.015148924,-0.15,0.100992825
food_drink,40.27684,1500.098791,37.24469792,45.689026,2001.969331,43.81729167,-0.15,-5.4121857,-501.8705401,-0.11845702,-0.15,0.789713462
furniture_bedroom,27.759533,3948.724092,142.2475,27.194336,4550.972279,167.35,-0.15,0.565197,-602.2481863,0.02078363,-0.15,-0.138557528
furniture_decor,475.61105,37755.02426,79.38214089,450.91675,42111.45366,93.39075399,-0.15,24.694305,-4356.4294,0.054764666,-0.15,-0.365097771
furniture_living_room,76.41278,8035.960761,105.1651384,76.54932,9470.963588,123.7236922,-0.15,-0.13653564,-1435.002827,-0.00178363,-0.15,0.011890866
furniture_mattress_and_upholstery,6.866894,671.0929677,97.72875,5.9635043,685.6539017,114.975,-0.15,0.90338945,-14.56093404,0.15148634,-0.15,-1.009908915
garden_tools,222.37796,21247.27602,95.54577915,211.44011,23767.30651,112.406799,-0.15,10.937851,-2520.030484,0.051730257,-0.15,-0.344868377
health_beauty,614.31256,75149.78642,122.331513,612.6271,88168.93654,143.919427,-0.15,1.6854858,-13019.15011,0.002751243,-0.15,-0.018341619
home_appliances,120.71273,8980.832756,74.39838909,114.69403,10038.88385,87.52751658,-0.15,6.0186996,-1058.05109,0.052476138,-0.15,-0.349840919
home_appliances_2,44.744457,20182.94279,451.0713417,42.25154,22421.71713,530.6721667,-0.15,2.492916,-2238.774342,0.05900178,-0.15,-0.393345207
home_comfort_2,24.784292,271.7597681,10.965,9.235731,119.1409377,12.9,-0.15,15.548561,152.6188305,1.6835225,-0.15,-11.22348309
home_confort,61.42701,6433.873438,104.7401344,60.304256,7430.913027,123.2236875,-0.15,1.1227531,-997.039589,0.01861814,-0.15,-0.124120936
home_construction,69.023346,10508.30247,152.2427279,62.312904,11160.80787,179.1090916,-0.15,6.7104416,-652.5053923,0.10768944,-0.15,-0.717929602
housewares,636.255,54084.70783,85.00476298,564.1838,56421.53719,100.0056035,-0.15,72.07123,-2336.829355,0.12774424,-0.15,-0.851628284
industry_commerce_and_business,24.926487,5561.298708,223.108,26.727724,7015.493203,262.48,-0.15,-1.8012371,-1454.194495,-0.06739209,-0.15,0.44928059
kitchen_dining_laundry_garden_furniture,27.818407,3220.309029,115.7618036,28.894114,3935.099577,136.1903571,-0.15,-1.0757065,-714.7905487,-0.037229262,-0.15,0.248195082
la_cuisine,9.762507,1613.986503,165.325,10.868097,2113.844972,194.5,-0.15,-1.1055899,-499.8584694,-0.10172801,-0.15,0.678186715
luggage_accessories,93.078705,8242.935733,88.55876857,92.80792,9669.359595,104.1867865,-0.15,0.27078247,-1426.423862,0.002917666,-0.15,-0.019451103
market_place,35.221657,3636.381589,103.2427708,36.48723,4431.814776,121.4620833,-0.15,-1.2655716,-795.4331867,-0.034685332,-0.15,0.231235549
music,11.782338,755.2636115,64.10133333,12.876593,971.0667727,75.41333333,-0.15,-1.0942545,-215.8031612,-0.08498013,-0.15,0.566534201
musical_instruments,78.3562,16297.97386,207.9985122,82.09787,20089.68822,244.7041319,-0.15,-3.7416687,-3791.714358,-0.04557571,-0.15,0.303838054
office_furniture,97.53947,18536.40321,190.0400282,93.46699,20897.02188,223.5765038,-0.15,4.0724792,-2360.618667,0.043571312,-0.15,-0.290475413
party_supplies,10.351116,796.0579811,76.90552083,10.096491,913.5010611,90.47708333,-0.15,0.25462532,-117.44308,0.025219189,-0.15,-0.168127927
perfumery,272.74136,25940.31903,95.10958982,266.63928,29835.23769,111.8936351,-0.15,6.1020813,-3894.91866,0.022885155,-0.15,-0.1525677
pet_shop,225.6001,24257.01232,107.5221685,218.35555,27621.24978,126.4966688,-0.15,7.2445526,-3364.237461,0.03317778,-0.15,-0.221185212
security_and_services,4.848262,583.7222124,120.39825,5.2633886,745.532645,141.645,-0.15,-0.4151268,-161.8104326,-0.07887063,-0.15,0.525804212
signaling_and_security,38.997646,2828.261821,72.5239125,45.213852,3857.747659,85.32225,-0.15,-6.2162056,-1029.485838,-0.13748454,-0.15,0.91656357
small_appliances,73.19368,16608.18291,226.9073406,73.26456,19557.95896,266.9498125,-0.15,-0.070877075,-2949.776048,-0.000967413,-0.15,0.006449419
small_appliances_home_oven_and_coffee,25.35779,4786.152247,188.7448527,27.93364,6202.742132,222.0527679,-0.15,-2.5758495,-1416.589885,-0.092213176,-0.15,0.614754508
sports_leisure,492.76062,44440.16462,90.18611508,444.0881,47118.32923,106.1013119,-0.15,48.672516,-2678.164611,0.109601036,-0.15,-0.730673571
stationery,228.38206,17467.72673,76.48467007,216.83475,19511.21728,89.98196479,-0.15,11.5473175,-2043.490552,0.053254,-0.15,-0.355026672
tablets_printing_image,7.6595273,414.7251025,54.145,6.8222346,434.5763498,63.7,-0.15,0.8372927,-19.85124724,0.12272997,-0.15,-0.818199813
telephony,254.69556,28098.14199,110.3205074,256.9305,33346.70957,129.7888322,-0.15,-2.2349548,-5248.567576,-0.008698674,-0.15,0.057991159
toys,238.05809,21008.08606,88.24773068,218.77393,22713.29724,103.8208596,-0.15,19.284164,-1705.211173,0.08814654,-0.15,-0.587643584
unknown,63.4803,6675.443535,105.1577196,60.126976,7438.606926,123.7149643,-0.15,3.353325,-763.1633912,0.05577072,-0.15,-0.371804809
watches_gifts,466.79407,66851.5635,143.2142515,477.12796,80390.0285,168.4873547,-0.15,-10.333893,-13538.465,-0.021658536,-0.15,0.14439024
agro_industry_and_commerce,32.64579,5594.002917,171.3545,40.933495,7793.487444,190.3938889,-0.1,-8.287704,-2199.484526,-0.20246755,-0.1,2.024675459
air_conditioning,39.538,6670.599243,168.713625,31.453566,5896.272167,187.4595833,-0.1,8.084433,774.3270756,0.25702754,-0.1,-2.570275366
art,10.703829,867.9895486,81.0915,6.2517896,563.2966867,90.10166667,-0.1,4.4520392,304.6928618,0.7121224,-0.1,-7.121223807
arts_and_craftmanship,21.069546,1498.503597,71.12177679,23.798225,1880.635695,79.02419643,-0.1,-2.7286797,-382.1320981,-0.11465895,-0.1,1.146589518
audio,67.83298,6014.436665,88.665375,62.563835,6163.606795,98.51708333,-0.1,5.269142,-149.1701302,0.08422025,-0.1,-0.842202529
auto,432.12466,46707.05384,108.0869871,431.6524,51840.00879,120.0966523,-0.1,0.47225952,-5132.954945,0.001094074,-0.1,-0.010940736
baby,246.31601,21706.37407,88.12408883,236.46814,23153.9326,97.91565425,-0.1,9.84787,-1447.558533,0.041645654,-0.1,-0.416456535
bed_bath_table,639.1089,53315.25548,83.42123547,578.4978,53621.11163,92.69026163,-0.1,60.611084,-305.8561533,0.10477323,-0.1,-1.047732309
books_general_interest,76.18902,3092.537121,40.59032592,78.29363,3531.071179,45.10036214,-0.1,-2.1046143,-438.5340579,-0.02688104,-0.1,0.268810391
books_imported,10.329654,2019.728871,195.52725,10.63573,2310.638847,217.2525,-0.1,-0.30607605,-290.9099765,-0.028778095,-0.1,0.287780948
books_technical,62.303627,2779.046734,44.60489489,61.958138,3070.706948,49.56099432,-0.1,0.3454895,-291.6602145,0.005576177,-0.1,-0.055761766
cds_dvds_musicals,6.117194,357.8558663,58.5,7.2799373,473.1959301,65,-0.1,-1.1627431,-115.3400639,-0.15971884,-0.1,1.597188413
christmas_supplies,25.370731,1461.051635,57.588075,25.621706,1639.449712,63.98675,-0.1,-0.25097466,-178.3980773,-0.009795392,-0.1,0.097953919
cine_photo,12.779044,674.3525748,52.7701875,11.930591,699.5327723,58.63354167,-0.1,0.8484535,-25.1801975,0.0711158,-0.1,-0.711157992
computers,28.879482,21879.99843,757.63125,27.899677,23486.29768,841.8125,-0.1,0.979805,-1606.299248,0.035118863,-0.1,-0.35118863
computers_accessories,464.05475,38713.2781,83.42394698,435.4534,40363.60077,92.69327442,-0.1,28.601349,-1650.322664,0.06568177,-0.1,-0.656817704
consoles_games,97.19594,8956.70385,92.15100804,92.79386,9501.164345,102.3900089,-0.1,4.4020767,-544.4604954,0.04743931,-0.1,-0.474393107
construction_tools_construction,274.07306,34563.79366,126.1116122,281.44995,39437.89598,140.1240136,-0.1,-7.376892,-4874.102314,-0.026210316,-0.1,0.262103155
construction_tools_lights,92.26696,11424.412,123.8191004,99.09086,13632.60092,137.5767782,-0.1,-6.8238983,-2208.188925,-0.06886506,-0.1,0.688650608
construction_tools_safety,42.09316,5821.057658,138.289875,45.016376,6917.010307,153.6554167,-0.1,-2.9232178,-1095.952649,-0.064936765,-0.1,0.649367645
cool_stuff,150.58727,18488.62365,122.7768028,162.2482,22133.6842,136.4186698,-0.1,-11.660934,-3645.060552,-0.07187096,-0.1,0.718709603
costruction_tools_garden,11.629791,1156.801937,99.46884375,15.989724,1767.199318,110.5209375,-0.1,-4.359933,-610.3973805,-0.27267092,-0.1,2.726709247
costruction_tools_tools,24.978643,2636.194583,105.5379375,25.273188,2963.644608,117.264375,-0.1,-0.29454422,-327.4500252,-0.011654415,-0.1,0.116544152
diapers_and_hygiene,7.4209313,465.6652893,62.75025,8.836624,616.1115395,69.7225,-0.1,-1.4156928,-150.4462502,-0.16020742,-0.1,1.602074206
drinks,48.251877,2121.241386,43.96184375,48.00615,2344.932085,48.84649306,-0.1,0.24572754,-223.6906986,0.005118668,-0.1,-0.051186681
dvds_blu_ray,9.518709,404.8580526,42.532875,9.0743475,428.8423282,47.25875,-0.1,0.4443617,-23.98427556,0.048968997,-0.1,-0.489689969
electronics,227.58835,19462.53938,85.51641308,218.28856,20741.39398,95.01823676,-0.1,9.299789,-1278.8546,0.04260319,-0.1,-0.42603191
fashio_female_clothing,11.302357,374.9952503,33.1785,11.0826845,408.5631669,36.865,-0.1,0.2196722,-33.56791657,0.019821208,-0.1,-0.19821208
fashion_bags_accessories,226.44952,13225.38925,58.40325284,208.05649,13501.30594,64.89250316,-0.1,18.393036,-275.9166883,0.08840405,-0.1,-0.88404052
fashion_childrens_clothes,5.318387,251.2459161,47.241,6.3433404,332.9619343,52.49,-0.1,-1.0249534,-81.71601818,-0.16157943,-0.1,1.615794301
fashion_male_clothing,8.360651,804.4534973,96.219,10.764717,1150.855956,106.91,-0.1,-2.404066,-346.402459,-0.2233283,-0.1,2.233283073
fashion_shoes,27.086578,4217.380104,155.7,25.176167,4355.476872,173,-0.1,1.9104118,-138.0967687,0.07588176,-0.1,-0.758817568
fashion_sport,7.9566813,554.262416,69.66,7.057315,546.2361712,77.4,-0.1,0.8993664,8.026244831,0.12743747,-0.1,-1.274374723
fashion_underwear_beach,12.618254,793.9563111,62.92125,12.395585,866.6063238,69.9125,-0.1,0.22266865,-72.65001273,0.017963545,-0.1,-0.179635454
fixed_telephony,49.49707,11819.95642,238.801125,49.85666,13228.6957,265.3345833,-0.1,-0.35958862,-1408.739282,-0.007212449,-0.1,0.072124493
flowers,8.614011,341.7834883,39.677625,8.874908,391.2614457,44.08625,-0.1,-0.26089764,-49.47795734,-0.02939722,-0.1,0.293972194
food,142.86131,8894.641519,62.26067573,143.6372,9936.611095,69.17852859,-0.1,-0.77589417,-1041.969576,-0.005401763,-0.1,0.054017631
food_drink,45.172882,1781.417996,39.4355625,45.689026,2001.969331,43.81729167,-0.1,-0.5161438,-220.5513353,-0.011296888,-0.1,0.112968879
furniture_bedroom,27.99904,4217.075501,150.615,27.194336,4550.972279,167.35,-0.1,0.80470467,-333.8967782,0.029590892,-0.1,-0.295908917
furniture_decor,480.3401,40373.39004,84.05167859,450.91675,42111.45366,93.39075399,-0.1,29.42334,-1738.063621,0.06525227,-0.1,-0.652522668
furniture_living_room,73.82258,8220.241879,111.351323,76.54932,9470.963588,123.7236922,-0.1,-2.726738,-1250.721709,-0.03562067,-0.1,0.356206708
furniture_mattress_and_upholstery,8.556757,885.431795,103.4775,5.9635043,685.6539017,114.975,-0.1,2.5932527,199.7778933,0.43485382,-0.1,-4.34853822
garden_tools,218.7168,22126.72914,101.1661191,211.44011,23767.30651,112.406799,-0.1,7.2766876,-1640.577369,0.034414887,-0.1,-0.344148874
health_beauty,605.1339,78381.47318,129.5274843,612.6271,88168.93654,143.919427,-0.1,-7.493164,-9787.463356,-0.0122312,-0.1,0.122312
home_appliances,118.01909,9296.926197,78.77476492,114.69403,10038.88385,87.52751658,-0.1,3.325058,-741.9576485,0.02899068,-0.1,-0.289906804
home_appliances_2,43.437145,20745.79535,477.60495,42.25154,22421.71713,530.6721667,-0.1,1.1856041,-1675.921784,0.028060611,-0.1,-0.280606113
home_comfort_2,20.474188,237.7053279,11.61,9.235731,119.1409377,12.9,-0.1,11.238457,118.5643902,1.2168454,-0.1,-12.16845393
home_confort,58.328636,6468.722778,110.9013188,60.304256,7430.913027,123.2236875,-0.1,-1.9756203,-962.1902488,-0.032760877,-0.1,0.327608772
home_construction,67.037125,10806.26242,161.1981825,62.312904,11160.80787,179.1090916,-0.1,4.7242203,-354.545449,0.07581448,-0.1,-0.758144781
housewares,590.68195,53164.35608,90.00504316,564.1838,56421.53719,100.0056035,-0.1,26.498169,-3257.181102,0.046967264,-0.1,-0.469672643
industry_commerce_and_business,25.44704,6011.405172,236.232,26.727724,7015.493203,262.48,-0.1,-1.2806835,-1004.088031,-0.04791592,-0.1,0.479159206
kitchen_dining_laundry_garden_furniture,31.4425,3853.948759,122.5713214,28.894114,3935.099577,136.1903571,-0.1,2.5483856,-81.15081866,0.088197395,-0.1,-0.881973952
la_cuisine,9.670347,1692.794196,175.05,10.868097,2113.844972,194.5,-0.1,-1.1977501,-421.050776,-0.11020789,-0.1,1.10207893
luggage_accessories,92.37687,8662.004507,93.76810789,92.80792,9669.359595,104.1867865,-0.1,-0.43105316,-1007.355088,-0.004644573,-0.1,0.046445727
market_place,33.311882,3641.517609,109.315875,36.48723,4431.814776,121.4620833,-0.1,-3.1753464,-790.2971667,-0.087026246,-0.1,0.870262459
music,12.309259,835.4540226,67.872,12.876593,971.0667727,75.41333333,-0.1,-0.5673332,-135.61275,-0.044059265,-0.1,0.440592654
musical_instruments,77.9951,17177.15176,220.2337187,82.09787,20089.68822,244.7041319,-0.1,-4.102768,-2912.536453,-0.04997411,-0.1,0.4997411
office_furniture,97.41158,19601.0476,201.2188534,93.46699,20897.02188,223.5765038,-0.1,3.9445953,-1295.974278,0.042203087,-0.1,-0.422030874
party_supplies,13.32058,1084.686427,81.429375,10.096491,913.5010611,90.47708333,-0.1,3.2240887,171.1853657,0.31932765,-0.1,-3.193276525
perfumery,267.76038,26964.61266,100.7042716,266.63928,29835.23769,111.8936351,-0.1,1.1210938,-2870.625032,0.004204534,-0.1,-0.042045335
pet_shop,213.30792,24284.46809,113.8470019,218.35555,27621.24978,126.4966688,-0.1,-5.0476227,-3336.781687,-0.02311653,-0.1,0.231165309
security_and_services,5.263449,670.9871281,127.4805,5.2633886,745.532645,141.645,-0.1,6.06E-05,-74.54551695,1.15E-05,-0.1,-0.000115056
signaling_and_security,38.548122,2960.11121,76.790025,45.213852,3857.747659,85.32225,-0.1,-6.6657295,-897.6364491,-0.14742671,-0.1,1.474267095
small_appliances,74.08736,17799.84443,240.2548313,73.26456,19557.95896,266.9498125,-0.1,0.8227997,-1758.114526,0.011230528,-0.1,-0.112305284
small_appliances_home_oven_and_coffee,29.34222,5863.968872,199.8474911,27.93364,6202.742132,222.0527679,-0.1,1.4085808,-338.7732595,0.050425965,-0.1,-0.504259653
sports_leisure,477.31216,45579.10321,95.49118067,444.0881,47118.32923,106.1013119,-0.1,33.22406,-1539.226015,0.07481412,-0.1,-0.748141184
stationery,220.87566,17887.34342,80.98376831,216.83475,19511.21728,89.98196479,-0.1,4.040909,-1623.87386,0.018635891,-0.1,-0.186358914
tablets_printing_image,6.9988275,401.2427781,57.33,6.8222346,434.5763498,63.7,-0.1,0.17659283,-33.33357163,0.025884895,-0.1,-0.258848947
telephony,261.3705,30530.67774,116.809949,256.9305,33346.70957,129.7888322,-0.1,4.4400024,-2816.031824,0.017280947,-0.1,-0.172809474
toys,235.05144,21962.91752,93.43877366,218.77393,22713.29724,103.8208596,-0.1,16.277512,-750.3797146,0.074403346,-0.1,-0.744033456
unknown,61.896217,6891.739699,111.3434679,60.126976,7438.606926,123.7149643,-0.1,1.7692413,-546.8672271,0.029425085,-0.1,-0.294250846
watches_gifts,463.49118,70283.16435,151.6386192,477.12796,80390.0285,168.4873547,-0.1,-13.63678,-10106.86415,-0.02858097,-0.1,0.285809692
agro_industry_and_commerce,33.43147,6046.890147,180.8741944,40.933495,7793.487444,190.3938889,-0.05,-7.5020256,-1746.597296,-0.18327352,-0.05,3.665470481
air_conditioning,39.14294,6970.833142,178.0866042,31.453566,5896.272167,187.4595833,-0.05,7.689375,1074.560975,0.24446751,-0.05,-4.889350235
art,10.02839,858.3959246,85.59658333,6.2517896,563.2966867,90.10166667,-0.05,3.7766004,295.0992379,0.60408306,-0.05,-12.08166122
arts_and_craftmanship,19.96939,1499.161795,75.07298661,23.798225,1880.635695,79.02419643,-0.05,-3.8288345,-381.4739,-0.16088739,-0.05,3.217747808
audio,66.982056,6268.932966,93.59122917,62.563835,6163.606795,98.51708333,-0.05,4.4182205,105.3261709,0.0706194,-0.05,-1.412387937
auto,428.73352,48914.98883,114.0918197,431.6524,51840.00879,120.0966523,-0.05,-2.9188843,-2925.019952,-0.006762118,-0.05,0.135242352
baby,241.85059,22496.9099,93.01987154,236.46814,23153.9326,97.91565425,-0.05,5.3824463,-657.0227001,0.022761824,-0.05,-0.455236472
bed_bath_table,620.42725,54632.18356,88.05574855,578.4978,53621.11163,92.69026163,-0.05,41.929443,1011.071932,0.07247987,-0.05,-1.449597329
books_general_interest,78.22738,3351.679041,42.84534403,78.29363,3531.071179,45.10036214,-0.05,-0.06625366,-179.3921382,-0.00084622,-0.05,0.016924406
books_imported,10.714677,2211.400854,206.389875,10.63573,2310.638847,217.2525,-0.05,0.07894707,-99.23799321,0.007422816,-0.05,-0.14845632
books_technical,62.29313,2932.94403,47.0829446,61.958138,3070.706948,49.56099432,-0.05,0.33499146,-137.7629184,0.005406739,-0.05,-0.108134774
cds_dvds_musicals,6.842354,422.5153558,61.75,7.2799373,473.1959301,65,-0.05,-0.43758345,-50.68057433,-0.060108133,-0.05,1.202162653
christmas_supplies,26.394331,1604.443099,60.7874125,25.621706,1639.449712,63.98675,-0.05,0.77262497,-35.00661288,0.030155094,-0.05,-0.603101887
cine_photo,12.495604,696.0284241,55.70186458,11.930591,699.5327723,58.63354167,-0.05,0.56501293,-3.504348198,0.047358338,-0.05,-0.947166756
computers,27.769384,22207.78453,799.721875,27.899677,23486.29768,841.8125,-0.05,-0.13029289,-1278.513151,-0.00467005,-0.05,0.093401
computers_accessories,456.01556,40156.09568,88.0586107,435.4534,40363.60077,92.69327442,-0.05,20.562164,-207.5050883,0.047220126,-0.05,-0.944402516
consoles_games,93.423645,9087.365734,97.27050848,92.79386,9501.164345,102.3900089,-0.05,0.62978363,-413.7986114,0.00678691,-0.05,-0.135738207
construction_tools_construction,280.2603,37307.63966,133.1178129,281.44995,39437.89598,140.1240136,-0.05,-1.1896362,-2130.256318,-0.004226813,-0.05,0.084536253
construction_tools_lights,98.45965,12868.47274,130.6979393,99.09086,13632.60092,137.5767782,-0.05,-0.6312103,-764.1281845,-0.006370016,-0.05,0.127400318
construction_tools_safety,44.594685,6509.604032,145.9726458,45.016376,6917.010307,153.6554167,-0.05,-0.4216919,-407.4062753,-0.009367522,-0.05,0.187350437
cool_stuff,150.50772,19505.45907,129.5977363,162.2482,22133.6842,136.4186698,-0.05,-11.7404785,-2628.225132,-0.07236122,-0.05,1.447224468
costruction_tools_garden,18.797934,1973.68698,104.9948906,15.989724,1767.199318,110.5209375,-0.05,2.8082094,206.4876624,0.17562588,-0.05,-3.512517512
costruction_tools_tools,22.4945,2505.913327,111.4011563,25.273188,2963.644608,117.264375,-0.05,-2.7786884,-457.7312814,-0.1099461,-0.05,2.198922038
diapers_and_hygiene,7.9905324,529.2639122,66.236375,8.836624,616.1115395,69.7225,-0.05,-0.84609175,-86.84762723,-0.0957483,-0.05,1.914965957
drinks,48.110054,2232.50696,46.4041684,48.00615,2344.932085,48.84649306,-0.05,0.103904724,-112.4251247,0.002164404,-0.05,-0.043288087
dvds_blu_ray,9.528678,427.7977516,44.8958125,9.0743475,428.8423282,47.25875,-0.05,0.45433044,-1.044576615,0.05006756,-0.05,-1.001351178
electronics,218.37009,19711.68374,90.26732492,218.28856,20741.39398,95.01823676,-0.05,0.08152771,-1029.710238,0.000373486,-0.05,-0.007469719
fashio_female_clothing,11.179098,391.5115653,35.02175,11.0826845,408.5631669,36.865,-0.05,0.09641361,-17.05160162,0.008699481,-0.05,-0.173989628
fashion_bags_accessories,212.68393,13111.51329,61.647878,208.05649,13501.30594,64.89250316,-0.05,4.6274414,-389.792648,0.022241274,-0.05,-0.444825478
fashion_childrens_clothes,5.2372365,261.1574197,49.8655,6.3433404,332.9619343,52.49,-0.05,-1.1061039,-71.80451465,-0.17437246,-0.05,3.487449288
fashion_male_clothing,8.457824,859.0146164,101.5645,10.764717,1150.855956,106.91,-0.05,-2.3068933,-291.84134,-0.21430135,-0.05,4.286026955
fashion_shoes,26.462666,4349.138947,164.35,25.176167,4355.476872,173,-0.05,1.286499,-6.337925035,0.051099878,-0.05,-1.021997556
fashion_sport,7.6194468,560.2579023,73.53,7.057315,546.2361712,77.4,-0.05,0.5621319,14.02173117,0.07965238,-0.05,-1.593047529
fashion_underwear_beach,12.609218,837.4648479,66.416875,12.395585,866.6063238,69.9125,-0.05,0.21363258,-29.14147592,0.017234571,-0.05,-0.344691426
fixed_telephony,52.80628,13310.76548,252.0678542,49.85666,13228.6957,265.3345833,-0.05,2.9496193,82.06978151,0.05916199,-0.05,-1.183239818
flowers,8.870519,371.5144942,41.8819375,8.874908,391.2614457,44.08625,-0.05,-0.004389763,-19.74695152,-0.000494626,-0.05,0.009892526
food,142.56012,9368.99466,65.71960216,143.6372,9936.611095,69.17852859,-0.05,-1.0770874,-567.6164357,-0.007498666,-0.05,0.149973314
food_drink,45.778862,1905.610401,41.62642708,45.689026,2001.969331,43.81729167,-0.05,0.08983612,-96.35892968,0.001966252,-0.05,-0.039325031
furniture_bedroom,25.252216,4014.660598,158.9825,27.194336,4550.972279,167.35,-0.05,-1.9421196,-536.3116809,-0.071416326,-0.05,1.428326517
furniture_decor,469.7908,41680.41136,88.72121629,450.91675,42111.45366,93.39075399,-0.05,18.874054,-431.0423061,0.04185707,-0.05,-0.837141424
furniture_living_room,76.74437,9020.342024,117.5375076,76.54932,9470.963588,123.7236922,-0.05,0.1950531,-450.6215636,0.002548071,-0.05,-0.050961422
furniture_mattress_and_upholstery,7.6400805,834.497331,109.22625,5.9635043,685.6539017,114.975,-0.05,1.6765761,148.8434293,0.28113943,-0.05,-5.622788668
garden_tools,218.25175,23306.33167,106.7864591,211.44011,23767.30651,112.406799,-0.05,6.8116455,-460.9748396,0.032215483,-0.05,-0.64430967
health_beauty,609.70667,83361.20584,136.7234557,612.6271,88168.93654,143.919427,-0.05,-2.9204102,-4807.730701,-0.004767028,-0.05,0.095340554
home_appliances,118.19616,9828.145245,83.15114075,114.69403,10038.88385,87.52751658,-0.05,3.5021286,-210.7386006,0.030534532,-0.05,-0.610690638
home_appliances_2,42.884045,21619.50044,504.1385583,42.25154,22421.71713,530.6721667,-0.05,0.6325035,-802.2166896,0.014969952,-0.05,-0.299399029
home_comfort_2,20.38527,249.821478,12.255,9.235731,119.1409377,12.9,-0.05,11.149538,130.6805403,1.2072177,-0.05,-24.14435387
home_confort,59.465996,6961.238262,117.0625031,60.304256,7430.913027,123.2236875,-0.05,-0.83826065,-469.6747646,-0.013900522,-0.05,0.278010443
home_construction,67.36066,11461.66057,170.153637,62.312904,11160.80787,179.1090916,-0.05,5.0477524,300.8527085,0.081006534,-0.05,-1.620130688
housewares,577.0784,54825.5214,95.00532333,564.1838,56421.53719,100.0056035,-0.05,12.894653,-1596.015789,0.022855414,-0.05,-0.457108282
industry_commerce_and_business,26.999989,6732.608909,249.356,26.727724,7015.493203,262.48,-0.05,0.27226448,-282.8842945,0.010186594,-0.05,-0.20373188
kitchen_dining_laundry_garden_furniture,30.504976,3946.759371,129.3808393,28.894114,3935.099577,136.1903571,-0.05,1.6108627,11.65979336,0.05575055,-0.05,-1.115010977
la_cuisine,9.362272,1729.913835,184.775,10.868097,2113.844972,194.5,-0.05,-1.505825,-383.931137,-0.13855462,-0.05,2.771092355
luggage_accessories,92.42446,9147.937341,98.97744722,92.80792,9669.359595,104.1867865,-0.05,-0.383461,-521.4222537,-0.00413177,-0.05,0.082635405
market_place,30.245071,3489.947942,115.3889792,36.48723,4431.814776,121.4620833,-0.05,-6.242157,-941.8668333,-0.17107786,-0.05,3.421557248
music,13.365523,957.5417334,71.64266667,12.876593,971.0667727,75.41333333,-0.05,0.4889307,-13.52503931,0.037970502,-0.05,-0.759410039
musical_instruments,77.98163,18128.30513,232.4689253,82.09787,20089.68822,244.7041319,-0.05,-4.1162415,-1961.383082,-0.050138224,-0.05,1.002764478
office_furniture,98.22593,20862.95874,212.3976786,93.46699,20897.02188,223.5765038,-0.05,4.7589417,-34.06313757,0.050915748,-0.05,-1.018314958
party_supplies,12.321879,1059.105302,85.95322917,10.096491,913.5010611,90.47708333,-0.05,2.2253885,145.6042411,0.22041208,-0.05,-4.40824151
perfumery,267.5672,28442.11185,106.2989533,266.63928,29835.23769,111.8936351,-0.05,0.9279175,-1393.125836,0.003480048,-0.05,-0.069600958
pet_shop,219.56935,26386.05261,120.1718353,218.35555,27621.24978,126.4966688,-0.05,1.2138062,-1235.197176,0.005558852,-0.05,-0.111177042
security_and_services,5.223801,702.9290543,134.56275,5.2633886,745.532645,141.645,-0.05,-0.039587498,-42.6035907,-0.007521295,-0.05,0.1504259
signaling_and_security,50.19902,4068.938544,81.0561375,45.213852,3857.747659,85.32225,-0.05,4.9851685,211.1908851,0.11025755,-0.05,-2.205151021
small_appliances,73.37337,18607.65583,253.6023219,73.26456,19557.95896,266.9498125,-0.05,0.108810425,-950.3031297,0.001485171,-0.05,-0.029703428
small_appliances_home_oven_and_coffee,28.29175,5968.148114,210.9501295,27.93364,6202.742132,222.0527679,-0.05,0.35811043,-234.5940175,0.012820042,-0.05,-0.256400835
sports_leisure,450.52264,45410.99061,100.7962463,444.0881,47118.32923,106.1013119,-0.05,6.43454,-1707.338619,0.014489331,-0.05,-0.289786626
stationery,221.17653,18906.80371,85.48286655,216.83475,19511.21728,89.98196479,-0.05,4.3417816,-604.4135779,0.02002346,-0.05,-0.400469191
tablets_printing_image,7.1997695,435.6940619,60.515,6.8222346,434.5763498,63.7,-0.05,0.37753487,1.117712162,0.055338886,-0.05,-1.106777713
telephony,266.4728,32855.93425,123.2993906,256.9305,33346.70957,129.7888322,-0.05,9.542297,-490.7753227,0.037139602,-0.05,-0.74279204
toys,228.55971,22542.80224,98.62981664,218.77393,22713.29724,103.8208596,-0.05,9.785782,-170.4949912,0.044730112,-0.05,-0.894602239
unknown,60.381252,7096.561247,117.5292161,60.126976,7438.606926,123.7149643,-0.05,0.25427628,-342.0456791,0.004228988,-0.05,-0.084579764
watches_gifts,469.13196,75090.66064,160.0629869,477.12796,80390.0285,168.4873547,-0.05,-7.996002,-5299.367863,-0.016758611,-0.05,0.335172229
agro_industry_and_commerce,41.06469,8209.389015,199.9135833,40.933495,7793.487444,190.3938889,0.05,0.13119507,415.9015718,0.003205079,0.05,0.064101573
air_conditioning,39.734497,7821.043206,196.8325625,31.453566,5896.272167,187.4595833,0.05,8.280931,1924.771039,0.26327482,0.05,5.265496373
art,5.780706,546.8937922,94.60675,6.2517896,563.2966867,90.10166667,0.05,-0.47108364,-16.40289457,-0.075351804,0.05,-1.50703609
arts_and_craftmanship,24.483898,2031.561318,82.97540625,23.798225,1880.635695,79.02419643,0.05,0.68567276,150.9256221,0.028811928,0.05,0.576238558
audio,63.195267,6537.103977,103.4429375,62.563835,6163.606795,98.51708333,0.05,0.6314316,373.4971812,0.010092597,0.05,0.201851949
auto,430.17877,54246.1829,126.101485,431.6524,51840.00879,120.0966523,0.05,-1.4736328,2406.174116,-0.003413934,0.05,-0.068278681
baby,239.63118,24636.82594,102.811437,236.46814,23153.9326,97.91565425,0.05,3.1630402,1482.893334,0.013376179,0.05,0.267523583
bed_bath_table,567.6603,55247.40759,97.32477472,578.4978,53621.11163,92.69026163,0.05,-10.837524,1626.295959,-0.018733907,0.05,-0.37467815
books_general_interest,77.84329,3686.298568,47.35538024,78.29363,3531.071179,45.10036214,0.05,-0.45034027,155.2273887,-0.00575194,0.05,-0.115038799
books_imported,11.713845,2672.105233,228.115125,10.63573,2310.638847,217.2525,0.05,1.0781155,361.466386,0.101367325,0.05,2.027346492
books_technical,62.42072,3248.314627,52.03904403,61.958138,3070.706948,49.56099432,0.05,0.46258163,177.6076783,0.007466035,0.05,0.149320699
cds_dvds_musicals,8.161162,556.9993037,68.25,7.2799373,473.1959301,65,0.05,0.8812251,83.80337359,0.12104845,0.05,2.420969009
christmas_supplies,25.816679,1734.521654,67.1860875,25.621706,1639.449712,63.98675,0.05,0.19497299,95.07194209,0.00760968,0.05,0.152193606
cine_photo,14.872805,915.6474785,61.56521875,11.930591,699.5327723,58.63354167,0.05,2.942214,216.1147062,0.24661092,0.05,4.932218492
computers,27.97007,24722.83218,883.903125,27.899677,23486.29768,841.8125,0.05,0.07039261,1236.534499,0.002523062,0.05,0.050461236
computers_accessories,429.33905,41786.68527,97.32793814,435.4534,40363.60077,92.69327442,0.05,-6.1143494,1423.084507,-0.01404134,0.05,-0.2808268
consoles_games,93.02991,10001.59989,107.5095094,92.79386,9501.164345,102.3900089,0.05,0.23604584,500.4355432,0.002543766,0.05,0.050875312
construction_tools_construction,284.19604,41813.8261,147.1302142,281.44995,39437.89598,140.1240136,0.05,2.7460938,2375.930125,0.009756953,0.05,0.19513905
construction_tools_lights,98.64785,14250.23619,144.4556171,99.09086,13632.60092,137.5767782,0.05,-0.44300842,617.6352666,-0.004470729,0.05,-0.089414585
construction_tools_safety,43.656406,7043.445482,161.3381875,45.016376,6917.010307,153.6554167,0.05,-1.3599701,126.4351747,-0.030210564,0.05,-0.604211278
cool_stuff,162.71175,23306.76516,143.2396033,162.2482,22133.6842,136.4186698,0.05,0.46354675,1173.08096,0.002857023,0.05,0.057140449
costruction_tools_garden,13.994411,1624.009277,116.0469844,15.989724,1767.199318,110.5209375,0.05,-1.9953127,-143.1900409,-0.12478719,0.05,-2.495743781
costruction_tools_tools,26.130516,3217.387565,123.1275938,25.273188,2963.644608,117.264375,0.05,0.8573284,253.7429565,0.03392245,0.05,0.678448975
diapers_and_hygiene,7.244891,530.3885468,73.208625,8.836624,616.1115395,69.7225,0.05,-1.591733,-85.72299268,-0.18012908,0.05,-3.60258162
drinks,53.89005,2763.95685,51.28881771,48.00615,2344.932085,48.84649306,0.05,5.8838997,419.024765,0.122565545,0.05,2.451310903
dvds_blu_ray,8.823124,437.8183015,49.6216875,9.0743475,428.8423282,47.25875,0.05,-0.25122356,8.975973301,-0.027685028,0.05,-0.553700551
electronics,214.99188,21449.55629,99.7691486,218.28856,20741.39398,95.01823676,0.05,-3.2966766,708.1623165,-0.015102379,0.05,-0.30204758
fashio_female_clothing,11.103952,429.8145819,38.70825,11.0826845,408.5631669,36.865,0.05,0.02126789,21.25141503,0.00191902,0.05,0.038380395
fashion_bags_accessories,208.41864,14201.0475,68.13712831,208.05649,13501.30594,64.89250316,0.05,0.3621521,699.7415608,0.001740643,0.05,0.034812863
fashion_childrens_clothes,6.037044,332.7286741,55.1145,6.3433404,332.9619343,52.49,0.05,-0.30629635,-0.233260248,-0.048286285,0.05,-0.965725705
fashion_male_clothing,8.802108,988.0849933,112.2555,10.764717,1150.855956,106.91,0.05,-1.9626093,-162.7709631,-0.1823187,0.05,-3.646374047
fashion_shoes,20.419277,3709.161897,181.65,25.176167,4355.476872,173,0.05,-4.7568893,-646.3149757,-0.18894415,0.05,-3.778882921
fashion_sport,9.367871,761.326909,81.27,7.057315,546.2361712,77.4,0.05,2.3105564,215.0907378,0.3273988,0.05,6.547976136
fashion_underwear_beach,11.227646,824.2004493,73.408125,12.395585,866.6063238,69.9125,0.05,-1.1679392,-42.40587457,-0.09422219,0.05,-1.88444376
fixed_telephony,50.358494,14029.9422,278.6013125,49.85666,13228.6957,265.3345833,0.05,0.50183487,801.2465053,0.010065554,0.05,0.201311074
flowers,8.701718,402.8074445,46.2905625,8.874908,391.2614457,44.08625,0.05,-0.17319012,11.54599884,-0.019514581,0.05,-0.390291624
food,138.67014,10072.6458,72.63745502,143.6372,9936.611095,69.17852859,0.05,-4.9670715,136.034704,-0.034580674,0.05,-0.69161348
food_drink,45.607292,2098.30749,46.00815625,45.689026,2001.969331,43.81729167,0.05,-0.0817337,96.33815924,-0.001788913,0.05,-0.035778265
furniture_bedroom,26.601822,4674.405849,175.7175,27.194336,4550.972279,167.35,0.05,-0.59251404,123.4335703,-0.02178814,0.05,-0.435762815
furniture_decor,446.02942,43737.7753,98.06029169,450.91675,42111.45366,93.39075399,0.05,-4.887329,1626.321636,-0.010838651,0.05,-0.216773022
furniture_living_room,74.68053,9701.737903,129.9098768,76.54932,9470.963588,123.7236922,0.05,-1.8687897,230.7743149,-0.024412885,0.05,-0.488257706
furniture_mattress_and_upholstery,8.5075035,1027.057705,120.72375,5.9635043,685.6539017,114.975,0.05,2.5439992,341.4038035,0.42659467,0.05,8.531893492
garden_tools,215.27812,25408.66059,118.027139,211.44011,23767.30651,112.406799,0.05,3.8380127,1641.354083,0.018151771,0.05,0.363035426
health_beauty,617.2253,93272.24361,151.1153984,612.6271,88168.93654,143.919427,0.05,4.5982056,5103.307069,0.007505717,0.05,0.150114344
home_appliances,109.88864,10099.19361,91.9038924,114.69403,10038.88385,87.52751658,0.05,-4.8053894,60.30976327,-0.04189747,0.05,-0.837949365
home_appliances_2,42.210655,23520.02138,557.205775,42.25154,22421.71713,530.6721667,0.05,-0.040885925,1098.304249,-0.000967679,0.05,-0.019353578
home_comfort_2,9.224507,124.945955,13.545,9.235731,119.1409377,12.9,0.05,-0.011223793,5.805017377,-0.001215258,0.05,-0.024305154
home_confort,59.420284,7688.085991,129.3848719,60.304256,7430.913027,123.2236875,0.05,-0.88397217,257.1729639,-0.014658537,0.05,-0.293170735
home_construction,61.041,11479.64776,188.0645462,62.312904,11160.80787,179.1090916,0.05,-1.271904,318.8398979,-0.020411566,0.05,-0.408231318
housewares,556.59924,58446.19859,105.0058837,564.1838,56421.53719,100.0056035,0.05,-7.5845337,2024.661404,-0.013443374,0.05,-0.268867481
industry_commerce_and_business,25.63131,7064.09136,275.604,26.727724,7015.493203,262.48,0.05,-1.0964146,48.59815726,-0.041021623,0.05,-0.820432454
kitchen_dining_laundry_garden_furniture,29.944178,4282.013692,142.999875,28.894114,3935.099577,136.1903571,0.05,1.0500641,346.9141143,0.0363418,0.05,0.726836026
la_cuisine,11.2994175,2307.623441,204.225,10.868097,2113.844972,194.5,0.05,0.4313202,193.7784684,0.039686818,0.05,0.793736354
luggage_accessories,92.15544,10081.44836,109.3961259,92.80792,9669.359595,104.1867865,0.05,-0.6524811,412.0887645,-0.007030446,0.05,-0.140608922
market_place,33.71599,4299.974872,127.5351875,36.48723,4431.814776,121.4620833,0.05,-2.7712402,-131.8399041,-0.075950965,0.05,-1.519019306
music,19.028568,1506.758103,79.184,12.876593,971.0667727,75.41333333,0.05,6.1519756,535.6913299,0.47776425,0.05,9.555284977
musical_instruments,77.7303,19971.97112,256.9393385,82.09787,20089.68822,244.7041319,0.05,-4.367569,-117.7170965,-0.05319954,0.05,-1.063990816
office_furniture,92.82138,21790.31441,234.7553289,93.46699,20897.02188,223.5765038,0.05,-0.645607,893.292531,-0.006907327,0.05,-0.138146533
party_supplies,8.75033,831.2895054,95.0009375,10.096491,913.5010611,90.47708333,0.05,-1.3461609,-82.21155568,-0.13332959,0.05,-2.666591704
perfumery,270.64523,31797.65358,117.4883168,266.63928,29835.23769,111.8936351,0.05,4.005951,1962.415885,0.015023859,0.05,0.300477184
pet_shop,218.33966,29000.20147,132.8215022,218.35555,27621.24978,126.4966688,0.05,-0.0158844,1378.951686,-7.27E-05,0.05,-0.001454912
security_and_services,5.0063744,744.5842998,148.72725,5.2633886,745.532645,141.645,0.05,-0.25701427,-0.948345263,-0.048830573,0.05,-0.97661145
signaling_and_security,37.08388,3322.284272,89.5883625,45.213852,3857.747659,85.32225,0.05,-8.129971,-535.4633872,-0.17981151,0.05,-3.596230149
small_appliances,72.911156,20436.80085,280.2973031,73.26456,19557.95896,266.9498125,0.05,-0.35340118,878.8418857,-0.004823631,0.05,-0.096472623
small_appliances_home_oven_and_coffee,28.733791,6699.438851,233.1554063,27.93364,6202.742132,222.0527679,0.05,0.8001518,496.6967192,0.028644739,0.05,0.572894774
sports_leisure,445.48166,49629.49784,111.4063775,444.0881,47118.32923,106.1013119,0.05,1.3935547,2511.168616,0.003138014,0.05,0.062760278
stationery,215.85342,20394.06096,94.48106303,216.83475,19511.21728,89.98196479,0.05,-0.98132324,882.8436803,-0.004525674,0.05,-0.090513472
tablets_printing_image,7.6631474,512.5496172,66.885,6.8222346,434.5763498,63.7,0.05,0.8409128,77.97326739,0.12326061,0.05,2.465212196
telephony,274.64447,37428.07537,136.2782739,256.9305,33346.70957,129.7888322,0.05,17.713959,4081.365798,0.06894455,0.05,1.378891021
toys,216.79279,23632.99445,109.0119026,218.77393,22713.29724,103.8208596,0.05,-1.9811401,919.6972141,-0.00905565,0.05,-0.181112997
unknown,60.18947,7818.654704,129.9007125,60.126976,7438.606926,123.7149643,0.05,0.06249237,380.0477781,0.00103934,0.05,0.020786801
watches_gifts,483.0904,85464.35487,176.9117224,477.12796,80390.0285,168.4873547,0.05,5.962433,5074.326367,0.012496507,0.05,0.249930136
agro_industry_and_commerce,41.10789,8609.360672,209.4332778,40.933495,7793.487444,190.3938889,0.1,0.17439651,815.873228,0.004260485,0.1,0.042604846
air_conditioning,40.16693,8282.643353,206.2055417,31.453566,5896.272167,187.4595833,0.1,8.713366,2386.371186,0.27702314,0.1,2.770231366
art,5.032308,498.7612671,99.11183333,6.2517896,563.2966867,90.10166667,0.1,-1.2194815,-64.53541966,-0.19506118,0.1,-1.95061177
arts_and_craftmanship,16.771147,1457.859089,86.92661607,23.798225,1880.635695,79.02419643,0.1,-7.0270786,-422.7766069,-0.29527742,0.1,-2.952774167
audio,64.05163,6941.197491,108.3687917,62.563835,6163.606795,98.51708333,0.1,1.487793,777.5906958,0.0237804,0.1,0.237803999
auto,430.1509,56825.65315,132.1063176,431.6524,51840.00879,120.0966523,0.1,-1.5014954,4985.64436,-0.003478483,0.1,-0.034784826
baby,234.60078,25268.19862,107.7072197,236.46814,23153.9326,97.91565425,0.1,-1.8673553,2114.266019,-0.007896858,0.1,-0.078968583
bed_bath_table,553.17804,56401.6401,101.9592878,578.4978,53621.11163,92.69026163,0.1,-25.319763,2780.528475,-0.043768123,0.1,-0.437681228
books_general_interest,77.69544,3854.501932,49.61039835,78.29363,3531.071179,45.10036214,0.1,-0.5981903,323.4307531,-0.007640344,0.1,-0.076403441
books_imported,12.700983,3035.252252,238.97775,10.63573,2310.638847,217.2525,0.1,2.0652533,724.6134045,0.19418068,0.1,1.941806823
books_technical,63.41899,3457.418979,54.51709375,61.958138,3070.706948,49.56099432,0.1,1.4608536,386.7120303,0.023578074,0.1,0.235780738
cds_dvds_musicals,7.013833,501.4890713,71.5,7.2799373,473.1959301,65,0.1,-0.26610422,28.29314119,-0.036553092,0.1,-0.365530923
christmas_supplies,26.93762,1896.015793,70.385425,25.621706,1639.449712,63.98675,0.1,1.3159142,256.5660811,0.051359348,0.1,0.51359348
cine_photo,14.164597,913.5725164,64.49689583,11.930591,699.5327723,58.63354167,0.1,2.234006,214.0397441,0.18725024,0.1,1.872502416
computers,27.997686,25925.68239,925.99375,27.899677,23486.29768,841.8125,0.1,0.09800911,2439.384708,0.003512912,0.1,0.03512912
computers_accessories,426.75345,43512.8908,101.9626019,435.4534,40363.60077,92.69327442,0.1,-8.699951,3149.29003,-0.019979063,0.1,-0.199790634
consoles_games,91.01043,10250.41487,112.6290098,92.79386,9501.164345,102.3900089,0.1,-1.783432,749.250522,-0.019219289,0.1,-0.192192886
construction_tools_construction,285.20483,43960.45004,154.1364149,281.44995,39437.89598,140.1240136,0.1,3.7548828,4522.554067,0.01334121,0.1,0.133412099
construction_tools_lights,98.79135,14950.53483,151.334456,99.09086,13632.60092,137.5767782,0.1,-0.29950714,1317.933909,-0.003022551,0.1,-0.030225506
construction_tools_safety,41.782402,7062.101956,169.0209583,45.016376,6917.010307,153.6554167,0.1,-3.2339745,145.0916494,-0.07183996,0.1,-0.718399584
cool_stuff,162.30605,24355.73146,150.0605368,162.2482,22133.6842,136.4186698,0.1,0.05784607,2222.047258,0.000356528,0.1,0.003565283
costruction_tools_garden,21.540745,2618.77374,121.5730313,15.989724,1767.199318,110.5209375,0.1,5.5510206,851.5744223,0.34716174,0.1,3.471617401
costruction_tools_tools,26.03952,3358.858845,128.9908125,25.273188,2963.644608,117.264375,0.1,0.7663326,395.2142367,0.030321961,0.1,0.303219613
diapers_and_hygiene,7.801778,598.3554055,76.69475,8.836624,616.1115395,69.7225,0.1,-1.0348463,-17.75613391,-0.117108785,0.1,-1.171087846
drinks,53.893658,2895.767793,53.73114236,48.00615,2344.932085,48.84649306,0.1,5.8875084,550.8357088,0.122640714,0.1,1.22640714
dvds_blu_ray,9.663819,502.3700169,51.984625,9.0743475,428.8423282,47.25875,0.1,0.5894718,73.52768868,0.06496024,0.1,0.649602413
electronics,213.87769,22354.50922,104.5200604,218.28856,20741.39398,95.01823676,0.1,-4.4108734,1613.11524,-0.020206617,0.1,-0.202066172
fashio_female_clothing,11.56671,469.0474766,40.5515,11.0826845,408.5631669,36.865,0.1,0.48402596,60.48430972,0.04367407,0.1,0.436740704
fashion_bags_accessories,205.14183,14643.38398,71.38175347,208.05649,13501.30594,64.89250316,0.1,-2.9146576,1142.078041,-0.014008973,0.1,-0.140089728
fashion_childrens_clothes,5.9550548,343.8389033,57.739,6.3433404,332.9619343,52.49,0.1,-0.38828564,10.87696904,-0.06121154,0.1,-0.612115413
fashion_male_clothing,11.54828,1358.089262,117.601,10.764717,1150.855956,106.91,0.1,0.78356266,207.233306,0.0727899,0.1,0.727899
fashion_shoes,23.4227,4457.340023,190.3,25.176167,4355.476872,173,0.1,-1.7534657,101.8631509,-0.06964784,0.1,-0.696478412
fashion_sport,9.138881,778.08428,85.14,7.057315,546.2361712,77.4,0.1,2.0815659,231.8481088,0.29495153,0.1,2.949515283
fashion_underwear_beach,11.230872,863.6961569,76.90375,12.395585,866.6063238,69.9125,0.1,-1.1647129,-2.910166919,-0.09396192,0.1,-0.939619169
fixed_telephony,45.831657,13376.79637,291.8680417,49.85666,13228.6957,265.3345833,0.1,-4.0250015,148.1006743,-0.080731474,0.1,-0.807314739
flowers,8.45486,410.0173804,48.494875,8.874908,391.2614457,44.08625,0.1,-0.4200487,18.7559347,-0.04732992,0.1,-0.473299213
food,139.51921,10616.90738,76.09638145,143.6372,9936.611095,69.17852859,0.1,-4.117996,680.296281,-0.028669426,0.1,-0.286694262
food_drink,45.57374,2196.60946,48.19902083,45.689026,2001.969331,43.81729167,0.1,-0.11528778,194.640129,-0.002523314,0.1,-0.025233144
furniture_bedroom,24.546373,4518.619273,184.085,27.194336,4550.972279,167.35,0.1,-2.6479626,-32.35300575,-0.09737184,0.1,-0.97371839
furniture_decor,445.85223,45802.32392,102.7298294,450.91675,42111.45366,93.39075399,0.1,-5.064514,3690.870258,-0.011231595,0.1,-0.112315947
furniture_living_room,74.80145,10180.18335,136.0960614,76.54932,9470.963588,123.7236922,0.1,-1.7478638,709.2197626,-0.022833172,0.1,-0.228331722
furniture_mattress_and_upholstery,8.942709,1131.006692,126.4725,5.9635043,685.6539017,114.975,0.1,2.9792047,445.3527906,0.4995728,0.1,4.995728135
garden_tools,216.4961,26769.19689,123.6474789,211.44011,23767.30651,112.406799,0.1,5.0559845,3001.890387,0.023912136,0.1,0.239121355
health_beauty,614.17725,97231.2441,158.3113697,612.6271,88168.93654,143.919427,0.1,1.5501709,9062.30756,0.002530366,0.1,0.025303662
home_appliances,108.93539,10488.32843,96.28026823,114.69403,10038.88385,87.52751658,0.1,-5.758644,449.4445856,-0.05020875,0.1,-0.502087511
home_appliances_2,42.601116,24867.94985,583.7393833,42.25154,22421.71713,530.6721667,0.1,0.34957504,2446.232712,0.008273664,0.1,0.082736639
home_comfort_2,9.167593,130.0881464,14.19,9.235731,119.1409377,12.9,0.1,-0.06813812,10.94720873,-0.007377664,0.1,-0.073776641
home_confort,58.248848,7895.401558,135.5460563,60.304256,7430.913027,123.2236875,0.1,-2.0554085,464.488531,-0.03408397,0.1,-0.340839699
home_construction,70.928215,13974.27632,197.0200008,62.312904,11160.80787,179.1090916,0.1,8.615311,2813.468456,0.13825886,0.1,1.382588595
housewares,539.94165,59396.90715,110.0061639,564.1838,56421.53719,100.0056035,0.1,-24.242126,2975.369963,-0.042968493,0.1,-0.42968493
industry_commerce_and_business,25.349161,7319.012393,288.728,26.727724,7015.493203,262.48,0.1,-1.3785629,303.5191904,-0.051578015,0.1,-0.515780151
kitchen_dining_laundry_garden_furniture,28.55201,4277.35922,149.8093929,28.894114,3935.099577,136.1903571,0.1,-0.34210396,342.2596429,-0.011839919,0.1,-0.118399188
la_cuisine,11.298478,2417.309446,213.95,10.868097,2113.844972,194.5,0.1,0.43038082,303.4644739,0.039600383,0.1,0.396003835
luggage_accessories,90.02447,10317.29597,114.6054652,92.80792,9669.359595,104.1867865,0.1,-2.783455,647.9363792,-0.029991565,0.1,-0.299915653
market_place,34.367237,4591.747996,133.6082917,36.48723,4431.814776,121.4620833,0.1,-2.1199913,159.9332206,-0.058102284,0.1,-0.581022836
music,19.960674,1655.831121,82.95466667,12.876593,971.0667727,75.41333333,0.1,7.0840816,684.7643487,0.5501519,0.1,5.501518846
musical_instruments,77.82909,20949.60813,269.1745451,82.09787,20089.68822,244.7041319,0.1,-4.2687836,859.9199191,-0.051996276,0.1,-0.519962758
office_furniture,93.54487,23005.87787,245.9341541,93.46699,20897.02188,223.5765038,0.1,0.07788086,2108.855986,0.000833245,0.1,0.008332446
party_supplies,9.358739,931.4264977,99.52479167,10.096491,913.5010611,90.47708333,0.1,-0.73775196,17.92543659,-0.07307014,0.1,-0.730701387
perfumery,272.0385,33483.31711,123.0829986,266.63928,29835.23769,111.8936351,0.1,5.399231,3648.079418,0.020249195,0.1,0.202491954
pet_shop,222.99341,31028.71536,139.1463357,218.35555,27621.24978,126.4966688,0.1,4.637863,3407.46558,0.02123996,0.1,0.212399606
security_and_services,5.939052,925.360725,155.8095,5.2633886,745.532645,141.645,0.1,0.6756635,179.82808,0.12837043,0.1,1.28370434
signaling_and_security,29.722065,2789.548804,93.854475,45.213852,3857.747659,85.32225,0.1,-15.491787,-1068.198855,-0.34263363,0.1,-3.426336348
small_appliances,75.34122,22123.55614,293.6447938,73.26456,19557.95896,266.9498125,0.1,2.0766602,2565.597179,0.028344676,0.1,0.283446759
small_appliances_home_oven_and_coffee,28.691645,7008.16485,244.2580446,27.93364,6202.742132,222.0527679,0.1,0.75800514,805.4227176,0.027135925,0.1,0.271359254
sports_leisure,447.55945,52235.31039,116.711443,444.0881,47118.32923,106.1013119,0.1,3.471344,5116.981161,0.007816792,0.1,0.078167915
stationery,199.34103,19730.80787,98.98016127,216.83475,19511.21728,89.98196479,0.1,-17.493713,219.5905906,-0.08067763,0.1,-0.806776285
tablets_printing_image,7.9635687,558.0072663,70.07,6.8222346,434.5763498,63.7,0.1,1.141334,123.4309165,0.16729622,0.1,1.672962159
telephony,273.9155,39106.2889,142.7677155,256.9305,33346.70957,129.7888322,0.1,16.984985,5759.57933,0.06610731,0.1,0.661073104
toys,213.00525,24325.82621,114.2029456,218.77393,22713.29724,103.8208596,0.1,-5.7686768,1612.528974,-0.02636821,0.1,-0.263682101
unknown,55.29744,7525.232644,136.0864607,60.126976,7438.606926,123.7149643,0.1,-4.8295364,86.62571763,-0.08032229,0.1,-0.80322288
watches_gifts,483.8418,89673.34829,185.3360901,477.12796,80390.0285,168.4873547,0.1,6.7138367,9283.319795,0.014071355,0.1,0.140713546
agro_industry_and_commerce,38.434383,8415.322584,218.9529722,40.933495,7793.487444,190.3938889,0.15,-2.4991112,621.8351401,-0.061052963,0.15,-0.407019754
air_conditioning,40.31897,8691.903752,215.5785208,31.453566,5896.272167,187.4595833,0.15,8.865404,2795.631585,0.2818569,0.15,1.879045963
art,6.5417995,677.8410922,103.6169167,6.2517896,563.2966867,90.10166667,0.15,0.29000998,114.5444054,0.046388313,0.15,0.309255421
arts_and_craftmanship,18.154226,1649.816606,90.87782589,23.798225,1880.635695,79.02419643,0.15,-5.643999,-230.819089,-0.2371605,0.15,-1.581070026
audio,62.33629,7062.367669,113.2946458,62.563835,6163.606795,98.51708333,0.15,-0.22754669,898.7608733,-0.003637032,0.15,-0.024246882
auto,427.4273,59032.47701,138.1111502,431.6524,51840.00879,120.0966523,0.15,-4.2250977,7192.468221,-0.009788195,0.15,-0.065254631
baby,233.69067,26314.2715,112.6030024,236.46814,23153.9326,97.91565425,0.15,-2.7774658,3160.3389,-0.011745624,0.15,-0.078304162
bed_bath_table,532.621,56774.09177,106.5938009,578.4978,53621.11163,92.69026163,0.15,-45.87683,3152.980137,-0.07930338,0.15,-0.528689176
books_general_interest,77.61574,4025.572422,51.86541646,78.29363,3531.071179,45.10036214,0.15,-0.6778946,494.5012431,-0.008658362,0.15,-0.057722411
books_imported,12.903541,3223.8255,249.840375,10.63573,2310.638847,217.2525,0.15,2.2678108,913.1866523,0.21322569,0.15,1.421504617
books_technical,65.03859,3706.883874,56.99514347,61.958138,3070.706948,49.56099432,0.15,3.080452,636.1769255,0.04971828,0.15,0.331455196
cds_dvds_musicals,7.497801,560.4606118,74.75,7.2799373,473.1959301,65,0.15,0.21786356,87.2646817,0.02992657,0.15,0.199510468
christmas_supplies,26.356388,1939.428576,73.5847625,25.621706,1639.449712,63.98675,0.15,0.7346821,299.9788634,0.028674206,0.15,0.191161372
cine_photo,15.231684,1027.050721,67.42857292,11.930591,699.5327723,58.63354167,0.15,3.301093,327.5179489,0.2766915,0.15,1.844609976
computers,28.30114,27397.89173,968.084375,27.899677,23486.29768,841.8125,0.15,0.40146255,3911.594048,0.014389506,0.15,0.095930037
computers_accessories,422.39572,45026.23012,106.5972656,435.4534,40363.60077,92.69327442,0.15,-13.057678,4662.629355,-0.029986396,0.15,-0.19990931
consoles_games,98.97597,11654.27316,117.7485103,92.79386,9501.164345,102.3900089,0.15,6.182106,2153.108819,0.06662193,0.15,0.444146196
construction_tools_construction,263.37167,42440.40036,161.1426156,281.44995,39437.89598,140.1240136,0.15,-18.078278,3002.504382,-0.064232655,0.15,-0.428217699
construction_tools_lights,96.818146,15317.91845,158.2132949,99.09086,13632.60092,137.5767782,0.15,-2.2727127,1685.317527,-0.022935644,0.15,-0.152904292
construction_tools_safety,43.643524,7711.973138,176.7037292,45.016376,6917.010307,153.6554167,0.15,-1.3728523,794.9628307,-0.030496731,0.15,-0.203311543
cool_stuff,163.05038,25579.58435,156.8814703,162.2482,22133.6842,136.4186698,0.15,0.80218506,3445.900152,0.004944185,0.15,0.032961232
costruction_tools_garden,19.132788,2431.75971,127.0990781,15.989724,1767.199318,110.5209375,0.15,3.1430635,664.5603919,0.19656771,0.15,1.310451428
costruction_tools_tools,26.442545,3565.883813,134.8540313,25.273188,2963.644608,117.264375,0.15,1.1693573,602.239205,0.04626869,0.15,0.308457936
diapers_and_hygiene,10.77371,863.8455101,80.180875,8.836624,616.1115395,69.7225,0.15,1.9370861,247.7339707,0.2192111,0.15,1.461407344
drinks,53.4575,3002.893085,56.17346701,48.00615,2344.932085,48.84649306,0.15,5.451351,657.9610004,0.11355527,0.15,0.757035116
dvds_blu_ray,9.896089,537.8282937,54.3475625,9.0743475,428.8423282,47.25875,0.15,0.8217411,108.9859655,0.090556495,0.15,0.603709966
electronics,209.20303,22859.8197,109.2709723,218.28856,20741.39398,95.01823676,0.15,-9.0855255,2118.425724,-0.04162163,0.15,-0.277477528
fashio_female_clothing,11.754368,498.3234981,42.39475,11.0826845,408.5631669,36.865,0.15,0.6716833,89.76033121,0.060606554,0.15,0.404043694
fashion_bags_accessories,203.22336,15165.82384,74.62637863,208.05649,13501.30594,64.89250316,0.15,-4.83313,1664.517906,-0.023229893,0.15,-0.154865955
fashion_childrens_clothes,6.4501777,389.3552962,60.3635,6.3433404,332.9619343,52.49,0.15,0.10683727,56.39336185,0.01684243,0.15,0.11228287
fashion_male_clothing,15.245034,1874.323629,122.9465,10.764717,1150.855956,106.91,0.15,4.480317,723.4676724,0.4162039,0.15,2.774692575
fashion_shoes,26.128283,5198.221789,198.95,25.176167,4355.476872,173,0.15,0.952116,842.7449167,0.03781815,0.15,0.252120992
fashion_sport,5.607177,499.0948265,89.01,7.057315,546.2361712,77.4,0.15,-1.4501381,-47.14134468,-0.20548014,0.15,-1.369867623
fashion_underwear_beach,13.707672,1102.088242,80.399375,12.395585,866.6063238,69.9125,0.15,1.312087,235.4819185,0.10585116,0.15,0.70567439
fixed_telephony,50.28755,15344.48091,305.1347708,49.85666,13228.6957,265.3345833,0.15,0.43089294,2115.785211,0.008642636,0.15,0.057617575
flowers,9.794218,496.5588829,50.6991875,8.874908,391.2614457,44.08625,0.15,0.9193096,105.2974372,0.10358525,0.15,0.690568338
food,141.41533,11250.33958,79.55530788,143.6372,9936.611095,69.17852859,0.15,-2.221878,1313.728486,-0.01546868,0.15,-0.103124535
food_drink,46.938362,2365.218713,50.38988542,45.689026,2001.969331,43.81729167,0.15,1.2493362,363.2493819,0.02734434,0.15,0.182295603
furniture_bedroom,27.973879,5383.642967,192.4525,27.194336,4550.972279,167.35,0.15,0.7795429,832.6706885,0.028665636,0.15,0.191104238
furniture_decor,441.59515,47427.03921,107.3993671,450.91675,42111.45366,93.39075399,0.15,-9.321594,5315.585547,-0.02067254,0.15,-0.137816928
furniture_living_room,75.76862,10780.52964,142.282246,76.54932,9470.963588,123.7236922,0.15,-0.78069305,1309.566048,-0.010198563,0.15,-0.067990422
furniture_mattress_and_upholstery,8.953077,1183.787035,132.22125,5.9635043,685.6539017,114.975,0.15,2.989573,498.133133,0.5013114,0.15,3.342076143
garden_tools,215.6965,27882.61693,129.2678189,211.44011,23767.30651,112.406799,0.15,4.2563934,4115.310425,0.020130493,0.15,0.134203285
health_beauty,624.18054,103306.4606,165.5073411,612.6271,88168.93654,143.919427,0.15,11.553467,15137.52405,0.018858891,0.15,0.12572594
home_appliances,108.113235,10882.31537,100.6566441,114.69403,10038.88385,87.52751658,0.15,-6.5807953,843.4315199,-0.057376966,0.15,-0.382513106
home_appliances_2,40.724964,24853.34599,610.2729917,42.25154,22421.71713,530.6721667,0.15,-1.526577,2431.62886,-0.03613068,0.15,-0.240871211
home_comfort_2,9.046944,134.2114075,14.835,9.235731,119.1409377,12.9,0.15,-0.18878746,15.07046983,-0.020440986,0.15,-0.136273243
home_confort,55.51944,7867.506533,141.7072406,60.304256,7430.913027,123.2236875,0.15,-4.7848167,436.5935063,-0.07934459,0.15,-0.528963953
home_construction,75.53498,15558.35275,205.9754554,62.312904,11160.80787,179.1090916,0.15,13.222076,4397.544882,0.21218841,0.15,1.414589385
housewares,538.29376,61907.251,115.006444,564.1838,56421.53719,100.0056035,0.15,-25.890015,5485.713812,-0.04588933,0.15,-0.305928861
industry_commerce_and_business,25.508091,7699.668564,301.852,26.727724,7015.493203,262.48,0.15,-1.2196331,684.1753612,-0.04563176,0.15,-0.304211726
kitchen_dining_laundry_garden_furniture,30.948341,4847.095364,156.6189107,28.894114,3935.099577,136.1903571,0.15,2.0542278,911.9957869,0.07109503,0.15,0.473966847
la_cuisine,11.272945,2521.476037,223.675,10.868097,2113.844972,194.5,0.15,0.4048481,407.6310643,0.037251055,0.15,0.248340368
luggage_accessories,92.68572,11105.12148,119.8148045,92.80792,9669.359595,104.1867865,0.15,-0.12220001,1435.761883,-0.001316698,0.15,-0.008777987
market_place,33.97077,4745.084988,139.6813958,36.48723,4431.814776,121.4620833,0.15,-2.5164566,313.2702119,-0.06896815,0.15,-0.459787647
music,10.344928,897.1672694,86.72533333,12.876593,971.0667727,75.41333333,0.15,-2.5316648,-73.89950331,-0.19660984,0.15,-1.310732265
musical_instruments,76.56305,21545.58924,281.4097517,82.09787,20089.68822,244.7041319,0.15,-5.5348206,1455.901022,-0.067417346,0.15,-0.449448973
office_furniture,95.334015,24511.6126,257.1129793,93.46699,20897.02188,223.5765038,0.15,1.8670273,3614.59072,0.01997526,0.15,0.133168399
party_supplies,10.444503,1086.736419,104.0486458,10.096491,913.5010611,90.47708333,0.15,0.34801197,173.2353582,0.034468606,0.15,0.229790707
perfumery,267.15155,34376.44204,128.6776803,266.63928,29835.23769,111.8936351,0.15,0.51226807,4541.204347,0.001921203,0.15,0.012808017
pet_shop,223.94717,32577.85723,145.4711691,218.35555,27621.24978,126.4966688,0.15,5.591629,4956.607447,0.02560791,0.15,0.1707194
security_and_services,3.465813,564.5523271,162.89175,5.2633886,745.532645,141.645,0.15,-1.7975757,-180.9803179,-0.34152442,0.15,-2.276829481
signaling_and_security,30.347225,2977.687611,98.1205875,45.213852,3857.747659,85.32225,0.15,-14.866627,-880.0600477,-0.3288069,0.15,-2.192046046
small_appliances,74.58412,22896.75049,306.9922844,73.26456,19557.95896,266.9498125,0.15,1.3195648,3338.791526,0.018010957,0.15,0.120073048
small_appliances_home_oven_and_coffee,29.009962,7408.00361,255.360683,27.93364,6202.742132,222.0527679,0.15,1.0763226,1205.261478,0.03853141,0.15,0.256876076
sports_leisure,449.01147,54786.81433,122.0165086,444.0881,47118.32923,106.1013119,0.15,4.9233704,7668.485105,0.011086472,0.15,0.073909815
stationery,197.9276,20481.40059,103.4792595,216.83475,19511.21728,89.98196479,0.15,-18.90715,970.1833019,-0.08719613,0.15,-0.581307511
tablets_printing_image,6.81983,499.5866336,73.255,6.8222346,434.5763498,63.7,0.15,-0.00240469,65.01028382,-0.000352478,0.15,-0.002349855
telephony,269.00156,40150.4087,149.2571571,256.9305,33346.70957,129.7888322,0.15,12.071045,6803.69913,0.04698175,0.15,0.313211655
toys,215.0161,25671.62909,119.3939886,218.77393,22713.29724,103.8208596,0.15,-3.7578278,2958.331858,-0.017176762,0.15,-0.114511748
unknown,55.33745,7872.980981,142.2722089,60.126976,7438.606926,123.7149643,0.15,-4.789528,434.3740545,-0.07965689,0.15,-0.531045943
watches_gifts,483.2483,93634.40866,193.7604579,477.12796,80390.0285,168.4873547,0.15,6.120331,13244.38016,0.012827441,0.15,0.085516274
