order_week,product_category_name_english,avg_price,units,revenue
2018-09-10,agro_industry_and_commerce,190.3938888888889,5.3707376,1022.5556088492607
2018-09-10,air_conditioning,187.45958333333334,4.915924,921.5370782852174
2018-09-10,art,90.10166666666666,1.0682212,96.24851151883601
2018-09-10,arts_and_craftmanship,79.02419642857143,4.1407084,327.21615762987307
2018-09-10,audio,98.51708333333332,9.596868,945.4554012795288
2018-09-10,auto,120.09665233501842,58.977253,7082.9706444361855
2018-09-10,baby,97.91565425459956,37.162903,3638.8299447984505
2018-09-10,bed_bath_table,92.69026163363507,109.02915,10105.940616834092
2018-09-10,books_general_interest,45.10036213786215,7.344657,331.2466879651621
2018-09-10,books_imported,217.2525,0.9827432,213.50341784879566
2018-09-10,books_technical,49.56099431818183,6.570804,325.6555856131018
2018-09-10,cds_dvds_musicals,65.0,0.9856606,64.06793981790543
2018-09-10,christmas_supplies,63.98675,4.699363,300.6969802633524
2018-09-10,cine_photo,58.63354166666667,3.7375283,219.14452272305888
2018-09-10,computers,841.8125,5.594366,4709.40729033947
2018-09-10,computers_accessories,92.6932744216227,65.61446,6082.01949961131
2018-09-10,consoles_games,102.39000892857143,15.682482,1605.7294480170012
2018-09-10,construction_tools_construction,140.12401357136838,34.555298,4842.0270251150205
2018-09-10,construction_tools_lights,137.5767781986532,14.7338705,2027.0384346510725
2018-09-10,construction_tools_safety,153.65541666666667,6.68956,1027.887119363149
2018-09-10,cool_stuff,136.41866979949873,21.057741,2872.6690387334284
2018-09-10,costruction_tools_garden,110.5209375,2.0224144,223.51914057187736
2018-09-10,costruction_tools_tools,117.264375,3.082973,361.52290238410234
2018-09-10,diapers_and_hygiene,69.7225,1.0515817,73.31890789359808
2018-09-10,drinks,48.846493055555555,2.730822,133.39108207608263
2018-09-10,dvds_blu_ray,47.25875,1.3061496,61.72699750050902
2018-09-10,electronics,95.01823675775978,24.268604,2305.9599871210194
2018-09-10,fashio_female_clothing,36.865,2.229451,82.18870894312859
2018-09-10,fashion_bags_accessories,64.89250315656565,23.101376,1499.1060877353855
2018-09-10,fashion_childrens_clothes,52.489999999999995,1.04842,55.03156330108642
2018-09-10,fashion_male_clothing,106.91,1.3073655,139.77044952750205
2018-09-10,fashion_shoes,173.0,1.4485831,250.60488080978394
2018-09-10,fashion_sport,77.4,1.0681938,82.6781996011734
2018-09-10,fashion_underwear_beach,69.9125,1.9583273,136.91155689954758
2018-09-10,fixed_telephony,265.33458333333334,1.185967,314.678051443696
2018-09-10,flowers,44.08625,1.8290422,80.63561152547598
2018-09-10,food,69.17852859177859,16.232805,1122.9615822554574
2018-09-10,food_drink,43.81729166666667,6.1759415,270.613028588295
2018-09-10,furniture_bedroom,167.35,2.3263745,389.31877772808076
2018-09-10,furniture_decor,93.39075398844987,64.33507,6008.300484979303
2018-09-10,furniture_living_room,123.72369218200102,6.55349,810.821999508162
2018-09-10,furniture_mattress_and_upholstery,114.975,1.0305988,118.49309239089489
2018-09-10,garden_tools,112.40679900553376,24.620625,2767.5255943098705
2018-09-10,health_beauty,143.91942701772177,123.37842,17756.551220415487
2018-09-10,home_appliances,87.52751657572024,11.435786,1000.9459703128671
2018-09-10,home_appliances_2,530.6721666666667,6.2964296,3341.339956188997
2018-09-10,home_comfort_2,12.9,1.3169916,16.989191222190858
2018-09-10,home_confort,123.2236875,5.213853,642.4701782500148
2018-09-10,home_construction,179.10909161490684,6.9535456,1245.4432306124631
2018-09-10,housewares,100.0056035068071,108.27592,10828.198430160519
2018-09-10,industry_commerce_and_business,262.48,4.6150713,1211.3639139556885
2018-09-10,kitchen_dining_laundry_garden_furniture,136.19035714285715,1.4197116,193.35102845651764
2018-09-10,la_cuisine,194.5,1.7263442,335.7739523053169
2018-09-10,luggage_accessories,104.1867865497076,12.023273,1252.6662264411102
2018-09-10,market_place,121.46208333333333,2.0859666,253.3658474288384
2018-09-10,music,75.41333333333333,2.0300307,153.09138392130532
2018-09-10,musical_instruments,244.7041319444444,5.715041,1398.4941862273545
2018-09-10,office_furniture,223.57650375939852,8.655591,1935.1867762212469
2018-09-10,party_supplies,90.47708333333333,1.0029259,90.74180777072905
2018-09-10,perfumery,111.89363508205791,53.017437,5932.313746560526
2018-09-10,pet_shop,126.49666878128477,28.952036,3662.3360962833817
2018-09-10,security_and_services,141.64499999999998,1.0985985,155.61098173141477
2018-09-10,signaling_and_security,85.32225,3.7281957,318.0980427714586
2018-09-10,small_appliances,266.9498125,5.2522526,1402.0878410960436
2018-09-10,small_appliances_home_oven_and_coffee,222.05276785714284,4.0326524,895.4616223588586
2018-09-10,sports_leisure,106.1013118608872,71.141426,7548.198635424117
2018-09-10,stationery,89.98196478683735,28.640244,2577.1053848275105
2018-09-10,tablets_printing_image,63.7,0.95334834,60.72828916907311
2018-09-10,telephony,129.78883224791105,42.869957,5564.04165368238
2018-09-10,toys,103.82085962301588,35.285656,3663.3871357219923
2018-09-10,unknown,123.71496428571427,4.909212,607.3430011598723
2018-09-10,watches_gifts,168.48735467296967,62.28813,10494.76253999099
2018-09-17,agro_industry_and_commerce,190.3938888888889,5.215048,992.9132382954492
2018-09-17,air_conditioning,187.45958333333334,5.417961,1015.648734184901
2018-09-17,art,90.10166666666666,1.1974384,107.89119189997513
2018-09-17,arts_and_craftmanship,79.02419642857143,4.2463326,335.56302507242987
2018-09-17,audio,98.51708333333332,9.315115,917.6979582492509
2018-09-17,auto,120.09665233501842,58.623817,7040.52422210536
2018-09-17,baby,97.91565425459956,39.76065,3893.1901204916353
2018-09-17,bed_bath_table,92.69026163363507,114.473656,10610.593097055023
2018-09-17,books_general_interest,45.10036213786215,7.814867,352.4533326456002
2018-09-17,books_imported,217.2525,0.9377767,203.73432920604944
2018-09-17,books_technical,49.56099431818183,6.913556,342.64271453789695
2018-09-17,cds_dvds_musicals,65.0,0.958127,62.2782564163208
2018-09-17,christmas_supplies,63.98675,4.505435,288.28814234185216
2018-09-17,cine_photo,58.63354166666667,3.6181636,212.14574535677832
2018-09-17,computers,841.8125,5.026306,4231.207347869873
2018-09-17,computers_accessories,92.6932744216227,71.70543,6646.6110149683245
2018-09-17,consoles_games,102.39000892857143,16.569427,1696.5438286664146
2018-09-17,construction_tools_construction,140.12401357136838,35.63071,4992.7181759250525
2018-09-17,construction_tools_lights,137.5767781986532,14.762809,2031.019671831458
2018-09-17,construction_tools_safety,153.65541666666667,7.497386,1152.013966467778
2018-09-17,cool_stuff,136.41866979949873,23.770971,3242.804284344932
2018-09-17,costruction_tools_garden,110.5209375,2.0771537,229.56897234454752
2018-09-17,costruction_tools_tools,117.264375,3.5672956,418.3166832634807
2018-09-17,diapers_and_hygiene,69.7225,1.1234049,78.32659538596869
2018-09-17,drinks,48.846493055555555,3.6155267,176.60579868010348
2018-09-17,dvds_blu_ray,47.25875,1.9282316,91.12581498220563
2018-09-17,electronics,95.01823675775978,25.297537,2403.7273457991328
2018-09-17,fashio_female_clothing,36.865,2.004107,73.88140449762345
2018-09-17,fashion_bags_accessories,64.89250315656565,23.72152,1539.3487770994504
2018-09-17,fashion_childrens_clothes,52.489999999999995,0.9636852,50.58383691012859
2018-09-17,fashion_male_clothing,106.91,1.665459,178.0542256271839
2018-09-17,fashion_shoes,173.0,2.0289655,351.01102685928345
2018-09-17,fashion_sport,77.4,1.04962,81.24059050083162
2018-09-17,fashion_underwear_beach,69.9125,2.228665,155.81154974400997
2018-09-17,fixed_telephony,265.33458333333334,1.6272987,431.7786259011924
2018-09-17,flowers,44.08625,1.8286799,80.61964008972049
2018-09-17,food,69.17852859177859,18.113302,1253.0515962673433
2018-09-17,food_drink,43.81729166666667,5.492169,240.65196672072014
2018-09-17,furniture_bedroom,167.35,2.4356742,407.61007578372954
2018-09-17,furniture_decor,93.39075398844987,68.47754,6395.1690043204035
2018-09-17,furniture_living_room,123.72369218200102,7.3335824,907.3378916067664
2018-09-17,furniture_mattress_and_upholstery,114.975,0.9404988,108.13385285139083
2018-09-17,garden_tools,112.40679900553376,27.614208,3104.0247532438634
2018-09-17,health_beauty,143.91942701772177,119.34912,17176.65712288119
2018-09-17,home_appliances,87.52751657572024,16.51716,1445.7060320645844
2018-09-17,home_appliances_2,530.6721666666667,5.763678,3058.6235314366822
2018-09-17,home_comfort_2,12.9,1.9253355,24.836828291416168
2018-09-17,home_confort,123.2236875,4.5996914,566.7909345599413
2018-09-17,home_construction,179.10909161490684,7.1157784,1274.5006136313693
2018-09-17,housewares,100.0056035068071,104.92874,10493.462114424818
2018-09-17,industry_commerce_and_business,262.48,3.987532,1046.6473732185364
2018-09-17,kitchen_dining_laundry_garden_furniture,136.19035714285715,2.0454855,278.57540030172896
2018-09-17,la_cuisine,194.5,1.5672568,304.83144921064377
2018-09-17,luggage_accessories,104.1867865497076,13.952018,1453.6158988116945
2018-09-17,market_place,121.46208333333333,2.258517,274.32418333123127
2018-09-17,music,75.41333333333333,2.2726154,171.3855051676432
2018-09-17,musical_instruments,244.7041319444444,7.1661625,1753.5895716949965
2018-09-17,office_furniture,223.57650375939852,8.321944,1860.591196934442
2018-09-17,party_supplies,90.47708333333333,0.9436832,85.3817041631788
2018-09-17,perfumery,111.89363508205791,45.56299,5098.208383990269
2018-09-17,pet_shop,126.49666878128477,31.356302,3966.467781360163
2018-09-17,security_and_services,141.64499999999998,0.9221518,130.61819227337836
2018-09-17,signaling_and_security,85.32225,3.6239233,309.20128992819787
2018-09-17,small_appliances,266.9498125,5.5796866,1489.4963028087318
2018-09-17,small_appliances_home_oven_and_coffee,222.05276785714284,4.459166,990.1701637276154
2018-09-17,sports_leisure,106.1013118608872,69.84317,7410.451979137436
2018-09-17,stationery,89.98196478683735,30.813671,2772.6746689586193
2018-09-17,tablets_printing_image,63.7,0.9585716,61.06101173758507
2018-09-17,telephony,129.78883224791105,41.94456,5443.93559194332
2018-09-17,toys,103.82085962301588,38.828358,4031.193473804022
2018-09-17,unknown,123.71496428571427,5.6248465,695.8776787179197
2018-09-17,watches_gifts,168.48735467296967,65.40315,11019.604146238979
2018-09-24,agro_industry_and_commerce,190.3938888888889,6.4863415,1234.9597783607908
2018-09-24,air_conditioning,187.45958333333334,5.7107387,1070.5326895238957
2018-09-24,art,90.10166666666666,1.6365173,147.45293502449988
2018-09-24,arts_and_craftmanship,79.02419642857143,4.3219447,341.5382080003619
2018-09-24,audio,98.51708333333332,9.012126,887.84836509188
2018-09-24,auto,120.09665233501842,54.451656,6539.46164071736
2018-09-24,baby,97.91565425459956,39.638203,3881.2005476388586
2018-09-24,bed_bath_table,92.69026163363507,106.75791,9895.418765277034
2018-09-24,books_general_interest,45.10036213786215,8.048211,362.9772350690106
2018-09-24,books_imported,217.2525,1.2938454,281.091151047349
2018-09-24,books_technical,49.56099431818183,6.3722057,315.8128521895951
2018-09-24,cds_dvds_musicals,65.0,1.2985325,84.40461158752441
2018-09-24,christmas_supplies,63.98675,4.7139435,301.62992306137085
2018-09-24,cine_photo,58.63354166666667,3.7077367,217.39773608123267
2018-09-24,computers,841.8125,5.6740513,4776.487297177315
2018-09-24,computers_accessories,92.6932744216227,61.510975,5701.6536748672315
2018-09-24,consoles_games,102.39000892857143,16.05009,1643.3689392714841
2018-09-24,construction_tools_construction,140.12401357136838,37.058704,5192.8143949508785
2018-09-24,construction_tools_lights,137.5767781986532,14.65388,2016.0336149258544
2018-09-24,construction_tools_safety,153.65541666666667,8.299307,1275.2334550786018
2018-09-24,cool_stuff,136.41866979949873,24.075764,3284.38365868745
2018-09-24,costruction_tools_garden,110.5209375,2.7606115,305.1053748241067
2018-09-24,costruction_tools_tools,117.264375,3.1967864,374.8691596332192
2018-09-24,diapers_and_hygiene,69.7225,1.395087,97.26895361602305
2018-09-24,drinks,48.846493055555555,3.9241343,191.6801966093315
2018-09-24,dvds_blu_ray,47.25875,2.1248698,100.41869176924229
2018-09-24,electronics,95.01823675775978,25.168516,2391.4680272428395
2018-09-24,fashio_female_clothing,36.865,2.4148152,89.02216188549995
2018-09-24,fashion_bags_accessories,64.89250315656565,22.878756,1484.6597180093477
2018-09-24,fashion_childrens_clothes,52.489999999999995,1.2638452,66.33923482656478
2018-09-24,fashion_male_clothing,106.91,2.196332,234.8098517513275
2018-09-24,fashion_shoes,173.0,2.5089674,434.05136013031006
2018-09-24,fashion_sport,77.4,1.3786602,106.70829963684083
2018-09-24,fashion_underwear_beach,69.9125,3.036779,212.30880672335624
2018-09-24,fixed_telephony,265.33458333333334,2.027615,537.996399849852
2018-09-24,flowers,44.08625,2.1416144,94.4157494777441
2018-09-24,food,69.17852859177859,16.350029,1131.0709480786732
2018-09-24,food_drink,43.81729166666667,6.232548,273.09338392049074
2018-09-24,furniture_bedroom,167.35,2.5825129,432.1835263729095
2018-09-24,furniture_decor,93.39075398844987,61.19701,5715.234909500786
2018-09-24,furniture_living_room,123.72369218200102,7.5114512,929.3444815965935
2018-09-24,furniture_mattress_and_upholstery,114.975,1.1806531,135.7455896258354
2018-09-24,garden_tools,112.40679900553376,26.556595,2985.1418194216617
2018-09-24,health_beauty,143.91942701772177,113.43621,16325.6744372657
2018-09-24,home_appliances,87.52751657572024,16.510828,1445.151773040858
2018-09-24,home_appliances_2,530.6721666666667,5.9042177,3133.2040099609694
2018-09-24,home_comfort_2,12.9,1.9482071,25.13187210559845
2018-09-24,home_confort,123.2236875,4.6691175,575.3458696475923
2018-09-24,home_construction,179.10909161490684,6.4497743,1155.213209777171
2018-09-24,housewares,100.0056035068071,97.854675,9786.015858635987
2018-09-24,industry_commerce_and_business,262.48,4.681698,1228.8520504760743
2018-09-24,kitchen_dining_laundry_garden_furniture,136.19035714285715,2.507699,341.5244241540773
2018-09-24,la_cuisine,194.5,2.1115556,410.69755959510803
2018-09-24,luggage_accessories,104.1867865497076,14.310677,1490.9834056709021
2018-09-24,market_place,121.46208333333333,2.4669042,299.6353190654516
2018-09-24,music,75.41333333333333,2.6767204,201.8604063161214
2018-09-24,musical_instruments,244.7041319444444,6.9050646,1689.6978347604472
2018-09-24,office_furniture,223.57650375939852,8.412182,1880.7662079610325
2018-09-24,party_supplies,90.47708333333333,1.2587007,113.88357069666186
2018-09-24,perfumery,111.89363508205791,44.941463,5028.663713617174
2018-09-24,pet_shop,126.49666878128477,31.20632,3947.4955007568537
2018-09-24,security_and_services,141.64499999999998,1.4164951,200.63944628119467
2018-09-24,signaling_and_security,85.32225,3.3925307,289.4583507862687
2018-09-24,small_appliances,266.9498125,5.632109,1503.4904856274427
2018-09-24,small_appliances_home_oven_and_coffee,222.05276785714284,4.7380953,1052.1071720738921
2018-09-24,sports_leisure,106.1013118608872,61.265667,6500.367636665394
2018-09-24,stationery,89.98196478683735,29.861084,2686.959007578824
2018-09-24,tablets_printing_image,63.7,1.2644527,80.54563672542572
2018-09-24,telephony,129.78883224791105,38.225803,4961.282381811194
2018-09-24,toys,103.82085962301588,39.535164,4104.574699295547
2018-09-24,unknown,123.71496428571427,5.2852335,653.8624733996731
2018-09-24,watches_gifts,168.48735467296967,62.69358,10563.075554894142
2018-10-01,agro_industry_and_commerce,190.3938888888889,7.460978,1420.5246222668225
2018-10-01,air_conditioning,187.45958333333334,6.820401,1278.549565564394
2018-10-01,art,90.10166666666666,1.8236763,164.31627839128174
2018-10-01,arts_and_craftmanship,79.02419642857143,4.4929285,355.05006471421035
2018-10-01,audio,98.51708333333332,8.91654,878.4315285960832
2018-10-01,auto,120.09665233501842,51.245625,6154.427954339843
2018-10-01,baby,97.91565425459956,41.424953,4056.1514205701283
2018-10-01,bed_bath_table,92.69026163363507,100.12952,9281.031091048235
2018-10-01,books_general_interest,45.10036213786215,7.886977,355.705527700923
2018-10-01,books_imported,217.2525,1.2855506,279.28908049464223
2018-10-01,books_technical,49.56099431818183,6.7952356,336.77863463995135
2018-10-01,cds_dvds_musicals,65.0,1.1459237,74.48504269123077
2018-10-01,christmas_supplies,63.98675,4.8572774,310.80139424836636
2018-10-01,cine_photo,58.63354166666667,3.7439392,219.52041281158728
2018-10-01,computers,841.8125,6.6979012,5638.376995116472
2018-10-01,computers_accessories,92.6932744216227,56.450737,5232.60365599859
2018-10-01,consoles_games,102.39000892857143,15.850324,1622.9147828152265
2018-10-01,construction_tools_construction,140.12401357136838,37.582256,5266.176594225384
2018-10-01,construction_tools_lights,137.5767781986532,15.715343,2162.06632362275
2018-10-01,construction_tools_safety,153.65541666666667,8.731623,1341.661123518149
2018-10-01,cool_stuff,136.41866979949873,24.198887,3301.1799576164685
2018-10-01,costruction_tools_garden,110.5209375,2.9963458,331.1589422967285
2018-10-01,costruction_tools_tools,117.264375,3.418543,400.8733200739324
2018-10-01,diapers_and_hygiene,69.7225,1.3492883,94.07575659126043
2018-10-01,drinks,48.846493055555555,4.15318,202.86828400608567
2018-10-01,dvds_blu_ray,47.25875,2.0304275,95.95546353161335
2018-10-01,electronics,95.01823675775978,26.027924,2473.1274054159067
2018-10-01,fashio_female_clothing,36.865,2.1743274,80.15657862424851
2018-10-01,fashion_bags_accessories,64.89250315656565,23.322283,1513.4413096422197
2018-10-01,fashion_childrens_clothes,52.489999999999995,1.4070927,73.85829532265663
2018-10-01,fashion_male_clothing,106.91,2.4162912,258.32569613456724
2018-10-01,fashion_shoes,173.0,2.4304826,420.47349429130554
2018-10-01,fashion_sport,77.4,1.4777876,114.38076131343843
2018-10-01,fashion_underwear_beach,69.9125,3.246502,226.97106566429136
2018-10-01,fixed_telephony,265.33458333333334,2.582756,685.2944983832042
2018-10-01,flowers,44.08625,2.0180883,88.96994711279869
2018-10-01,food,69.17852859177859,16.680458,1153.9295454397413
2018-10-01,food_drink,43.81729166666667,5.967471,261.4784226975838
2018-10-01,furniture_bedroom,167.35,2.7239892,455.8596006989479
2018-10-01,furniture_decor,93.39075398844987,53.648033,5010.230265137118
2018-10-01,furniture_living_room,123.72369218200102,8.295835,1026.3912791831863
2018-10-01,furniture_mattress_and_upholstery,114.975,1.2819723,147.3947639375925
2018-10-01,garden_tools,112.40679900553376,25.816637,2901.965530662438
2018-10-01,health_beauty,143.91942701772177,116.563736,16775.786090683683
2018-10-01,home_appliances,87.52751657572024,16.505045,1444.6455943179851
2018-10-01,home_appliances_2,530.6721666666667,5.93627,3150.2133885711833
2018-10-01,home_comfort_2,12.9,1.7273711,22.283087146282195
2018-10-01,home_confort,123.2236875,4.900446,603.8510188883542
2018-10-01,home_construction,179.10909161490684,6.987005,1251.436160528186
2018-10-01,housewares,100.0056035068071,97.84674,9785.222357143317
2018-10-01,industry_commerce_and_business,262.48,5.071949,1331.2851748657226
2018-10-01,kitchen_dining_laundry_garden_furniture,136.19035714285715,2.4796708,337.7072468118157
2018-10-01,la_cuisine,194.5,1.8207982,354.145241856575
2018-10-01,luggage_accessories,104.1867865497076,15.336727,1597.884317149458
2018-10-01,market_place,121.46208333333333,2.2509716,273.4076946805914
2018-10-01,music,75.41333333333333,2.683666,202.3841979217529
2018-10-01,musical_instruments,244.7041319444444,7.4221654,1816.2345398451055
2018-10-01,office_furniture,223.57650375939852,8.897244,1989.2148079906194
2018-10-01,party_supplies,90.47708333333333,1.205349,109.056459069252
2018-10-01,perfumery,111.89363508205791,42.125412,4713.5654765888185
2018-10-01,pet_shop,126.49666878128477,31.119158,3936.4697958580823
2018-10-01,security_and_services,141.64499999999998,1.4394729,203.89414086699483
2018-10-01,signaling_and_security,85.32225,3.4328797,292.9010188191533
2018-10-01,small_appliances,266.9498125,6.7012415,1788.8951601336598
2018-10-01,small_appliances_home_oven_and_coffee,222.05276785714284,5.124416,1137.8907285796317
2018-10-01,sports_leisure,106.1013118608872,57.13327,6061.914925878203
2018-10-01,stationery,89.98196478683735,29.517437,2656.0369750401346
2018-10-01,tablets_printing_image,63.7,1.1170648,71.15702990293504
2018-10-01,telephony,129.78883224791105,40.505684,5257.18541264459
2018-10-01,toys,103.82085962301588,39.612392,4112.592633343505
2018-10-01,unknown,123.71496428571427,5.462867,675.8383689740384
2018-10-01,watches_gifts,168.48735467296967,62.14512,10470.666657854876
2018-10-08,agro_industry_and_commerce,190.3938888888889,8.042895,1531.3181173446444
2018-10-08,air_conditioning,187.45958333333334,7.037733,1319.2905104136466
2018-10-08,art,90.10166666666666,1.9217018,173.1485340164105
2018-10-08,arts_and_craftmanship,79.02419642857143,4.910772,388.06979903514895
2018-10-08,audio,98.51708333333332,9.361397,922.2575076325733
2018-10-08,auto,120.09665233501842,51.198013,6148.710004213984
2018-10-08,baby,97.91565425459956,42.72765,4183.705774032424
2018-10-08,bed_bath_table,92.69026163363507,91.55978,8486.699620934362
2018-10-08,books_general_interest,45.10036213786215,7.7300954,348.6301012915987
2018-10-08,books_imported,217.2525,1.32474,287.80308819562197
2018-10-08,books_technical,49.56099431818183,7.028418,348.33538774153055
2018-10-08,cds_dvds_musicals,65.0,1.1134229,72.37248659133911
2018-10-08,christmas_supplies,63.98675,4.997201,319.7546489036083
2018-10-08,cine_photo,58.63354166666667,3.6707609,215.22971041833364
2018-10-08,computers,841.8125,6.769281,5698.465286463499
2018-10-08,computers_accessories,92.6932744216227,54.80007,5079.598085924397
2018-10-08,consoles_games,102.39000892857143,15.243667,1560.799164281428
2018-10-08,construction_tools_construction,140.12401357136838,37.079037,5195.663443536142
2018-10-08,construction_tools_lights,137.5767781986532,16.787897,2309.6247971222656
2018-10-08,construction_tools_safety,153.65541666666667,9.8452835,1512.7811396694183
2018-10-08,cool_stuff,136.41866979949873,27.082912,3694.6148900525154
2018-10-08,costruction_tools_garden,110.5209375,3.1151571,344.29008617788554
2018-10-08,costruction_tools_tools,117.264375,3.4327517,402.5394774216414
2018-10-08,diapers_and_hygiene,69.7225,1.202345,83.83050021201372
2018-10-08,drinks,48.846493055555555,3.954347,193.15597815651861
2018-10-08,dvds_blu_ray,47.25875,1.8311442,86.53758660808205
2018-10-08,electronics,95.01823675775978,25.809752,2452.3970796950503
2018-10-08,fashio_female_clothing,36.865,2.0826845,76.7781647157669
2018-10-08,fashion_bags_accessories,64.89250315656565,24.484694,1588.8730520027755
2018-10-08,fashion_childrens_clothes,52.489999999999995,1.598703,83.91592187523841
2018-10-08,fashion_male_clothing,106.91,2.541465,271.70802785634993
2018-10-08,fashion_shoes,173.0,2.1792536,377.0108690261841
2018-10-08,fashion_sport,77.4,1.4286599,110.5782774925232
2018-10-08,fashion_underwear_beach,69.9125,3.3885524,236.90217157304286
2018-10-08,fixed_telephony,265.33458333333334,2.8671792,760.7617865267396
2018-10-08,flowers,44.08625,1.8766468,82.7343180963397
2018-10-08,food,69.17852859177859,16.606318,1148.8006113712695
2018-10-08,food_drink,43.81729166666667,6.194671,271.4337127348781
2018-10-08,furniture_bedroom,167.35,3.215565,538.1247970938682
2018-10-08,furniture_decor,93.39075398844987,56.270996,5255.19075287643
2018-10-08,furniture_living_room,123.72369218200102,8.618012,1066.2523168976306
2018-10-08,furniture_mattress_and_upholstery,114.975,1.2314385,141.58464355766773
2018-10-08,garden_tools,112.40679900553376,26.037573,2926.8002191466435
2018-10-08,health_beauty,143.91942701772177,114.009834,16408.230025337558
2018-10-08,home_appliances,87.52751657572024,16.870985,1476.6754219607778
2018-10-08,home_appliances_2,530.6721666666667,6.2172623,3299.3280385297144
2018-10-08,home_comfort_2,12.9,1.976301,25.49428231716156
2018-10-08,home_confort,123.2236875,5.050714,622.3676055546105
2018-10-08,home_construction,179.10909161490684,7.275884,1303.1770010630723
2018-10-08,housewares,100.0056035068071,98.43237,9843.788871159908
2018-10-08,industry_commerce_and_business,262.48,5.411845,1420.5011299896241
2018-10-08,kitchen_dining_laundry_garden_furniture,136.19035714285715,2.5076475,341.5174105668068
2018-10-08,la_cuisine,194.5,1.8887012,367.35238349437714
2018-10-08,luggage_accessories,104.1867865497076,15.070796,1570.1778073279481
2018-10-08,market_place,121.46208333333333,2.2166765,269.2421425615748
2018-10-08,music,75.41333333333333,2.8256385,213.09082054138182
2018-10-08,musical_instruments,244.7041319444444,8.420735,2060.5887364049418
2018-10-08,office_furniture,223.57650375939852,8.520442,1904.970634850703
2018-10-08,party_supplies,90.47708333333333,1.1675583,105.63727072899539
2018-10-08,perfumery,111.89363508205791,40.07044,4483.627010230369
2018-10-08,pet_shop,126.49666878128477,32.008247,4048.9366665265684
2018-10-08,security_and_services,141.64499999999998,1.4526947,205.76693433165548
2018-10-08,signaling_and_security,85.32225,3.1375358,267.7016148049235
2018-10-08,small_appliances,266.9498125,7.0656166,1886.165028613329
2018-10-08,small_appliances_home_oven_and_coffee,222.05276785714284,5.3508687,1188.1752057047827
2018-10-08,sports_leisure,106.1013118608872,58.234234,6178.728607356636
2018-10-08,stationery,89.98196478683735,27.815762,2502.9168777654627
2018-10-08,tablets_printing_image,63.7,1.1144048,70.98758560419083
2018-10-08,telephony,129.78883224791105,40.33446,5234.962620074676
2018-10-08,toys,103.82085962301588,39.58083,4109.315755778042
2018-10-08,unknown,123.71496428571427,5.882818,727.7926462397575
2018-10-08,watches_gifts,168.48735467296967,58.665493,9884.393728088946
2018-10-15,agro_industry_and_commerce,190.3938888888889,8.740953,1664.2241190730203
2018-10-15,air_conditioning,187.45958333333334,7.6327014,1430.8230235785247
2018-10-15,art,90.10166666666666,2.0416148,183.95289354840912
2018-10-15,arts_and_craftmanship,79.02419642857143,5.208322,411.58346459920915
2018-10-15,audio,98.51708333333332,8.737519,860.7949134798844
2018-10-15,auto,120.09665233501842,51.00449,6125.468490886928
2018-10-15,baby,97.91565425459956,41.106537,4024.97345130024
2018-10-15,bed_bath_table,92.69026163363507,86.47631,8015.511866673413
2018-10-15,books_general_interest,45.10036213786215,7.7040205,347.4541144757719
2018-10-15,books_imported,217.2525,1.3788133,299.55062923550605
2018-10-15,books_technical,49.56099431818183,7.28029,360.8184176090767
2018-10-15,cds_dvds_musicals,65.0,1.1336064,73.68441820144653
2018-10-15,christmas_supplies,63.98675,4.93575,315.82260180068016
2018-10-15,cine_photo,58.63354166666667,3.6647599,214.87785079066956
2018-10-15,computers,841.8125,7.6398478,6431.319338619709
2018-10-15,computers_accessories,92.6932744216227,52.00301,4820.329257784178
2018-10-15,consoles_games,102.39000892857143,15.17471,1553.7387204169972
2018-10-15,construction_tools_construction,140.12401357136838,37.11404,5200.568297160604
2018-10-15,construction_tools_lights,137.5767781986532,16.746254,2303.895667715506
2018-10-15,construction_tools_safety,153.65541666666667,9.902615,1521.5903714545568
2018-10-15,cool_stuff,136.41866979949873,28.144123,3839.3838328912702
2018-10-15,costruction_tools_garden,110.5209375,3.04981,337.0678529597819
2018-10-15,costruction_tools_tools,117.264375,3.3082216,387.9365357758105
2018-10-15,diapers_and_hygiene,69.7225,1.1331328,79.00485271900892
2018-10-15,drinks,48.846493055555555,4.137877,202.12077953257494
2018-10-15,dvds_blu_ray,47.25875,1.6543427,78.18216577529907
2018-10-15,electronics,95.01823675775978,25.929127,2463.7399034559567
2018-10-15,fashio_female_clothing,36.865,2.0787172,76.63191074848176
2018-10-15,fashion_bags_accessories,64.89250315656565,24.208181,1570.929486695895
2018-10-15,fashion_childrens_clothes,52.489999999999995,1.5778672,82.82224671959877
2018-10-15,fashion_male_clothing,106.91,2.6052775,278.530221619606
2018-10-15,fashion_shoes,173.0,2.1973317,380.1383783817291
2018-10-15,fashion_sport,77.4,1.378506,106.6963601589203
2018-10-15,fashion_underwear_beach,69.9125,3.6357193,254.18222551345823
2018-10-15,fixed_telephony,265.33458333333334,2.7283263,723.9193274865548
2018-10-15,flowers,44.08625,1.8067957,79.65484764710068
2018-10-15,food,69.17852859177859,17.460787,1207.9115402248265
2018-10-15,food_drink,43.81729166666667,6.301226,276.1026635931929
2018-10-15,furniture_bedroom,167.35,3.204267,536.2340866327286
2018-10-15,furniture_decor,93.39075398844987,52.069187,4862.780648840313
2018-10-15,furniture_living_room,123.72369218200102,9.29026,1149.4253074964704
2018-10-15,furniture_mattress_and_upholstery,114.975,1.2292538,141.3334520816803
2018-10-15,garden_tools,112.40679900553376,25.335321,2847.8623833169936
2018-10-15,health_beauty,143.91942701772177,114.14132,16427.153269090788
2018-10-15,home_appliances,87.52751657572024,16.792091,1469.770055696203
2018-10-15,home_appliances_2,530.6721666666667,6.3841233,3387.8765573295755
2018-10-15,home_comfort_2,12.9,1.8987868,24.494349503517153
2018-10-15,home_confort,123.2236875,5.005209,616.7603058825731
2018-10-15,home_construction,179.10909161490684,6.989343,1251.8549055100414
2018-10-15,housewares,100.0056035068071,96.29443,9629.982945889129
2018-10-15,industry_commerce_and_business,262.48,5.66388,1486.65518863678
2018-10-15,kitchen_dining_laundry_garden_furniture,136.19035714285715,2.4364302,331.818301248295
2018-10-15,la_cuisine,194.5,1.938321,377.003433406353
2018-10-15,luggage_accessories,104.1867865497076,14.993597,1562.1346934435828
2018-10-15,market_place,121.46208333333333,2.269706,275.6832206282019
2018-10-15,music,75.41333333333333,3.267285,246.39686098734535
2018-10-15,musical_instruments,244.7041319444444,7.8329945,1916.7661101192234
2018-10-15,office_furniture,223.57650375939852,8.7312765,1952.1082759421572
2018-10-15,party_supplies,90.47708333333333,1.1372392,102.89408747504154
2018-10-15,perfumery,111.89363508205791,38.7031,4330.630357402866
2018-10-15,pet_shop,126.49666878128477,32.90562,4162.4513869122275
2018-10-15,security_and_services,141.64499999999998,1.4526947,205.76693433165548
2018-10-15,signaling_and_security,85.32225,3.2133915,274.1737965314984
2018-10-15,small_appliances,266.9498125,8.139755,2172.9061375226975
2018-10-15,small_appliances_home_oven_and_coffee,222.05276785714284,5.4934673,1219.8396259663784
2018-10-15,sports_leisure,106.1013118608872,55.33421,5871.032212596004
2018-10-15,stationery,89.98196478683735,27.476782,2472.4148164407497
2018-10-15,tablets_printing_image,63.7,1.1983386,76.33417059183121
2018-10-15,telephony,129.78883224791105,40.351578,5237.184156674012
2018-10-15,toys,103.82085962301588,40.07899,4161.0352918275785
2018-10-15,unknown,123.71496428571427,5.67797,702.4498474215438
2018-10-15,watches_gifts,168.48735467296967,61.881863,10426.311338513842
2018-10-22,agro_industry_and_commerce,190.3938888888889,8.936417,1701.4391141510011
2018-10-22,air_conditioning,187.45958333333334,8.26373,1549.1153917896747
2018-10-22,art,90.10166666666666,1.9919915,179.4817559313774
2018-10-22,arts_and_craftmanship,79.02419642857143,5.07713,401.2161058367576
2018-10-22,audio,98.51708333333332,8.677628,854.8945578066507
2018-10-22,auto,120.09665233501842,50.72757,6092.211287659099
2018-10-22,baby,97.91565425459956,41.00935,4015.4573184746005
2018-10-22,bed_bath_table,92.69026163363507,84.798195,7859.9668699741605
2018-10-22,books_general_interest,45.10036213786215,7.8379545,353.4945873252758
2018-10-22,books_imported,217.2525,1.3644909,296.43905200928447
2018-10-22,books_technical,49.56099431818183,7.7025805,381.7475460151922
2018-10-22,cds_dvds_musicals,65.0,1.1336064,73.68441820144653
2018-10-22,christmas_supplies,63.98675,4.928602,315.36523801279066
2018-10-22,cine_photo,58.63354166666667,3.7559102,220.2223147545755
2018-10-22,computers,841.8125,8.488786,7145.965948879719
2018-10-22,computers_accessories,92.6932744216227,51.01149,4728.422029005557
2018-10-22,consoles_games,102.39000892857143,15.552029,1592.3723529458387
2018-10-22,construction_tools_construction,140.12401357136838,37.195835,5212.029704246012
2018-10-22,construction_tools_lights,137.5767781986532,17.000748,2338.9080928739872
2018-10-22,construction_tools_safety,153.65541666666667,10.128688,1556.3277531969547
2018-10-22,cool_stuff,136.41866979949873,27.952427,3813.2328967845333
2018-10-22,costruction_tools_garden,110.5209375,2.916413,322.32470649786296
2018-10-22,costruction_tools_tools,117.264375,3.3811755,396.4914338877797
2018-10-22,diapers_and_hygiene,69.7225,1.1176873,77.92795588046312
2018-10-22,drinks,48.846493055555555,4.27314,208.72790106958814
2018-10-22,dvds_blu_ray,47.25875,2.002606,94.64065228879451
2018-10-22,electronics,95.01823675775978,25.886765,2459.7147206587347
2018-10-22,fashio_female_clothing,36.865,2.1173003,78.05427452683449
2018-10-22,fashion_bags_accessories,64.89250315656565,24.980818,1621.0677976026377
2018-10-22,fashion_childrens_clothes,52.489999999999995,1.6427692,86.22895622611045
2018-10-22,fashion_male_clothing,106.91,2.7350118,292.40011325120923
2018-10-22,fashion_shoes,173.0,2.0345666,351.98002886772156
2018-10-22,fashion_sport,77.4,1.3737333,106.32695603370668
2018-10-22,fashion_underwear_beach,69.9125,4.2388287,296.34710862636564
2018-10-22,fixed_telephony,265.33458333333334,2.9393458,779.9101028372844
2018-10-22,flowers,44.08625,1.7761909,78.30559504941105
2018-10-22,food,69.17852859177859,16.807768,1162.7366500233204
2018-10-22,food_drink,43.81729166666667,6.144994,269.25698483765126
2018-10-22,furniture_bedroom,167.35,3.1593282,528.7135779976844
2018-10-22,furniture_decor,93.39075398844987,50.66942,4732.055182458188
2018-10-22,furniture_living_room,123.72369218200102,9.387908,1161.5066373821508
2018-10-22,furniture_mattress_and_upholstery,114.975,1.2232469,140.6428160101175
2018-10-22,garden_tools,112.40679900553376,25.54807,2871.7768714889053
2018-10-22,health_beauty,143.91942701772177,117.68272,16936.829109806058
2018-10-22,home_appliances,87.52751657572024,16.610764,1453.8988819408994
2018-10-22,home_appliances_2,530.6721666666667,6.5556254,3478.8879554048385
2018-10-22,home_comfort_2,12.9,1.867504,24.09080160856247
2018-10-22,home_confort,123.2236875,4.568269,562.9189240624308
2018-10-22,home_construction,179.10909161490684,7.7549005,1388.9731761441283
2018-10-22,housewares,100.0056035068071,95.19135,9519.668689817468
2018-10-22,industry_commerce_and_business,262.48,6.7245603,1765.0625772476199
2018-10-22,kitchen_dining_laundry_garden_furniture,136.19035714285715,2.4269574,330.5281908342668
2018-10-22,la_cuisine,194.5,1.9108591,371.66209650039673
2018-10-22,luggage_accessories,104.1867865497076,15.205373,1584.1989314020977
2018-10-22,market_place,121.46208333333333,2.149639,261.0996181419492
2018-10-22,music,75.41333333333333,3.7935572,286.08479115804033
2018-10-22,musical_instruments,244.7041319444444,8.761545,2143.9863080757855
2018-10-22,office_furniture,223.57650375939852,8.751779,1956.6920616456443
2018-10-22,party_supplies,90.47708333333333,1.0876532,98.40768560369808
2018-10-22,perfumery,111.89363508205791,37.275833,4170.928469614792
2018-10-22,pet_shop,126.49666878128477,32.833675,4153.350559988037
2018-10-22,security_and_services,141.64499999999998,1.4812288,209.80865740299222
2018-10-22,signaling_and_security,85.32225,3.2058363,273.52916591334343
2018-10-22,small_appliances,266.9498125,8.643753,2307.4482564630507
2018-10-22,small_appliances_home_oven_and_coffee,222.05276785714284,6.3991666,1420.9526519594447
2018-10-22,sports_leisure,106.1013118608872,48.05422,5098.615601255717
2018-10-22,stationery,89.98196478683735,27.471222,2471.9145238012966
2018-10-22,tablets_printing_image,63.7,1.1420554,72.74892848730087
2018-10-22,telephony,129.78883224791105,38.81465,5037.708290900413
2018-10-22,toys,103.82085962301588,40.414093,4195.825877969484
2018-10-22,unknown,123.71496428571427,5.8678637,725.9425425229413
2018-10-22,watches_gifts,168.48735467296967,62.506245,10531.511813207759
2018-10-29,agro_industry_and_commerce,190.3938888888889,8.672226,1651.1388243526885
2018-10-29,air_conditioning,187.45958333333334,8.732112,1636.918064176639
2018-10-29,art,90.10166666666666,1.9639603,176.95609539210795
2018-10-29,arts_and_craftmanship,79.02419642857143,5.075352,401.0756285588656
2018-10-29,audio,98.51708333333332,8.70197,857.2927135455607
2018-10-29,auto,120.09665233501842,51.52356,6187.807020778431
2018-10-29,baby,97.91565425459956,41.309628,4044.8592069034985
2018-10-29,bed_bath_table,92.69026163363507,86.78908,8044.502324404057
2018-10-29,books_general_interest,45.10036213786215,7.8416,353.6589970907787
2018-10-29,books_imported,217.2525,1.4228053,309.1080104577541
2018-10-29,books_technical,49.56099431818183,7.8705406,390.07181889414795
2018-10-29,cds_dvds_musicals,65.0,1.1336064,73.68441820144653
2018-10-29,christmas_supplies,63.98675,4.8361034,309.4465417466164
2018-10-29,cine_photo,58.63354166666667,3.65685,214.41407268151644
2018-10-29,computers,841.8125,8.934799,7521.425646781921
2018-10-29,computers_accessories,92.6932744216227,47.971767,4446.660202465572
2018-10-29,consoles_games,102.39000892857143,15.876125,1625.556614872762
2018-10-29,construction_tools_construction,140.12401357136838,35.8413,5022.226942744845
2018-10-29,construction_tools_lights,137.5767781986532,16.92904,2329.042906227758
2018-10-29,construction_tools_safety,153.65541666666667,10.076806,1548.3558351123334
2018-10-29,cool_stuff,136.41866979949873,30.575653,4171.089920902318
2018-10-29,costruction_tools_garden,110.5209375,2.8868718,319.0597794060409
2018-10-29,costruction_tools_tools,117.264375,3.2861726,385.35097941175104
2018-10-29,diapers_and_hygiene,69.7225,1.0854458,75.67999211877584
2018-10-29,drinks,48.846493055555555,4.271521,208.6488253307177
2018-10-29,dvds_blu_ray,47.25875,2.1623647,102.19065377265214
2018-10-29,electronics,95.01823675775978,25.64725,2436.95639874243
2018-10-29,fashio_female_clothing,36.865,2.1003652,77.4299616932869
2018-10-29,fashion_bags_accessories,64.89250315656565,24.620348,1597.6760087927482
2018-10-29,fashion_childrens_clothes,52.489999999999995,1.6113518,84.57985848307608
2018-10-29,fashion_male_clothing,106.91,2.8289945,302.447803337574
2018-10-29,fashion_shoes,173.0,2.1229074,367.262980222702
2018-10-29,fashion_sport,77.4,1.3956823,108.02581272125245
2018-10-29,fashion_underwear_beach,69.9125,4.348535,304.01695744395255
2018-10-29,fixed_telephony,265.33458333333334,2.6501281,703.1706421304742
2018-10-29,flowers,44.08625,1.8070788,79.66732943713664
2018-10-29,food,69.17852859177859,16.38411,1133.4285872939097
2018-10-29,food_drink,43.81729166666667,6.123683,268.3232030234734
2018-10-29,furniture_bedroom,167.35,3.0526688,510.8641253352165
2018-10-29,furniture_decor,93.39075398844987,48.955006,4571.944888765595
2018-10-29,furniture_living_room,123.72369218200102,9.775182,1209.4215803747618
2018-10-29,furniture_mattress_and_upholstery,114.975,1.2555956,144.3621000677347
2018-10-29,garden_tools,112.40679900553376,26.258194,2951.5995318033724
2018-10-29,health_beauty,143.91942701772177,114.595825,16492.56550073238
2018-10-29,home_appliances,87.52751657572024,16.99819,1487.8093505181128
2018-10-29,home_appliances_2,530.6721666666667,7.591715,4028.7117729457223
2018-10-29,home_comfort_2,12.9,1.9078755,24.611594438552856
2018-10-29,home_confort,123.2236875,4.8150077,593.3230024855435
2018-10-29,home_construction,179.10909161490684,8.15399,1460.45370465908
2018-10-29,housewares,100.0056035068071,97.54721,9755.267675795072
2018-10-29,industry_commerce_and_business,262.48,7.0938544,1861.9949100875856
2018-10-29,kitchen_dining_laundry_garden_furniture,136.19035714285715,2.4876926,338.79974291043624
2018-10-29,la_cuisine,194.5,1.8959233,368.75707346200943
2018-10-29,luggage_accessories,104.1867865497076,15.067686,1569.853793512127
2018-10-29,market_place,121.46208333333333,2.1461048,260.6703615927696
2018-10-29,music,75.41333333333333,4.115153,310.33739252726235
2018-10-29,musical_instruments,244.7041319444444,8.699017,2128.685298787885
2018-10-29,office_furniture,223.57650375939852,8.940454,1998.8753421172166
2018-10-29,party_supplies,90.47708333333333,1.1042451,99.90887291505932
2018-10-29,perfumery,111.89363508205791,36.782433,4115.720085868517
2018-10-29,pet_shop,126.49666878128477,33.831997,4279.634908310857
2018-10-29,security_and_services,141.64499999999998,1.4667943,207.76407188057897
2018-10-29,signaling_and_security,85.32225,3.1100817,265.35916599583624
2018-10-29,small_appliances,266.9498125,8.494382,2267.5736567369104
2018-10-29,small_appliances_home_oven_and_coffee,222.05276785714284,6.441269,1430.3015923976898
2018-10-29,sports_leisure,106.1013118608872,46.433796,4926.686662742857
2018-10-29,stationery,89.98196478683735,26.71819,2404.1551633169215
2018-10-29,tablets_printing_image,63.7,1.1933564,76.0168023467064
2018-10-29,telephony,129.78883224791105,40.255318,5224.690674492677
2018-10-29,toys,103.82085962301588,40.4198,4196.418361512866
2018-10-29,unknown,123.71496428571427,5.638455,697.5612483236279
2018-10-29,watches_gifts,168.48735467296967,60.98326,10274.908343485045
