order_week,product_category_name_english,avg_price,units,revenue,scale_b,offset_a,units_cal,revenue_cal
2018-09-10,agro_industry_and_commerce,190.3938888888889,4.6435666,884.1067048933772,1.055311426,-1.803319879,3.0970890113719713,589.6668211101539
2018-09-10,air_conditioning,187.4595833333333,4.060851,761.2454546423753,1.398575767,-2.804590362,2.8748174399977184,538.9120794613723
2018-09-10,art,90.10166666666666,0.8411718,75.79098123123248,3.23e-16,1.0,1.0000000000000002,90.10166666666667
2018-09-10,arts_and_craftmanship,79.02419642857143,2.3073778,182.3386777069739,1.0,0.0,2.3073778,182.338676502125
2018-09-10,audio,98.51708333333332,7.8940816,777.7018940943478,1.528613983,-3.040491666,9.026511850703013,889.2656202050294
2018-09-10,auto,120.09665233501842,70.621895,8481.45315141046,1.36486419,-30.88333913,65.50595638544004,7867.046069895073
2018-09-10,baby,97.91565425459956,42.17099,4129.200075457968,1.627824217,-28.39770099,40.24925778686483,3941.032409462906
2018-09-10,bed_bath_table,92.69026163363507,95.272705,8830.85196023556,1.648621278,-72.49775519,84.57085348561698,7838.894536161657
2018-09-10,books_general_interest,45.10036213786215,10.823036,488.1228517737185,1.60413403,-4.419986421,12.941613934515079,583.6714750950331
2018-09-10,books_imported,217.2525,0.6800712,147.74716296806932,1.221053887,-0.544333924,0.28606965819675445,62.14934841739039
2018-09-10,books_technical,49.56099431818183,8.5099125,421.75972460698006,1.0,0.0,8.5099125,421.7597250607245
2018-09-10,cds_dvds_musicals,65.0,0.871509,56.64808601140976,1.0,0.0,0.871509,56.648085
2018-09-10,christmas_supplies,63.98675,3.0118275,192.71705129384995,1.369144581,-0.711151196,3.4124761045317773,218.3532553816487
2018-09-10,cine_photo,58.63354166666667,2.1334045,125.0890612516304,0.971336135,0.117709988,2.189962869421608,128.40527915268476
2018-09-10,computers,841.8125,4.134701,3480.642796278,1.010791723,-0.448393813,3.730927734879823,3140.741603818521
2018-09-10,computers_accessories,92.6932744216227,69.34762,6428.057795309804,1.539529831,-54.55494378,52.20778591885224,4839.3106271215
2018-09-10,consoles_games,102.39000892857143,16.469013,1686.2624100376197,1.249666223,-3.66165075,16.9191185222479,1732.3486965565207
2018-09-10,construction_tools_construction,140.12401357136838,28.901953,4049.8576184734834,1.633091277,-32.87222874,14.327298592563977,2007.598582425482
2018-09-10,construction_tools_lights,137.5767781986532,15.587538,2144.4832258277265,1.490828475,-7.423103414,15.815242091544551,2175.8100533864285
2018-09-10,construction_tools_safety,153.65541666666667,5.5843425,858.0644705285629,1.031079361,0.193457195,5.951357491505142,914.4583150895107
2018-09-10,cool_stuff,136.41866979949873,26.513792,3616.976241159571,1.409665544,-13.08549513,24.290083893182853,3313.6209340262344
2018-09-10,costruction_tools_garden,110.5209375,2.4802327,274.1176449470222,0.866058862,-0.3523404,1.7956871096571874,198.46102281597766
2018-09-10,costruction_tools_tools,117.264375,2.526,296.2098139339685,1.233371316,-0.60688418,2.508611764216,294.1707906484366
2018-09-10,diapers_and_hygiene,69.7225,1.0106312,70.4637340965867,-2.77e-16,1.0,0.9999999999999997,69.72249999999997
2018-09-10,drinks,48.84649305555556,6.360096,310.66838401145407,0.594597947,-0.024675755,3.7570242693229123,183.51745988103534
2018-09-10,dvds_blu_ray,47.25875,1.6886865,79.80521266207099,0.882436904,-0.129390012,1.3607692748865958,64.30825496954691
2018-09-10,electronics,95.01823675775978,31.20266,2964.821698003404,1.451383932,-15.48145857,29.805580789659118,2832.073732174367
2018-09-10,fashio_female_clothing,36.865,2.369501,87.3516585636139,1.578645501,-1.000781263,2.739820830265001,101.00349490771927
2018-09-10,fashion_bags_accessories,64.89250315656565,25.193094,1634.842948371503,1.498096436,-11.79732521,25.94435912321298,1683.5944062981712
2018-09-10,fashion_childrens_clothes,52.49,0.59468186,31.2148507797718,1.0,0.0,0.59468186,31.214850831400003
2018-09-10,fashion_male_clothing,106.91,1.2261447,131.0871268236637,1.0,0.0,1.2261447,131.087129877
2018-09-10,fashion_shoes,173.0,1.8486654,319.8191066980362,1.054062513,-0.146669564,1.8019393332201503,311.73550464708603
2018-09-10,fashion_sport,77.4,1.2334528,95.46924648284912,4.74e-16,1.0,1.0000000000000007,77.40000000000006
2018-09-10,fashion_underwear_beach,69.9125,1.2322779,86.15162659883498,1.0,0.0,1.2322779,86.15162868374999
2018-09-10,fixed_telephony,265.33458333333334,5.060004,1342.5941151765985,0.925749011,0.352734386,5.037028084656043,1336.4977480805094
2018-09-10,flowers,44.08625,1.6107044,71.00991782426834,1.0,0.0,1.6107044,71.00991685449999
2018-09-10,food,69.17852859177859,26.076279,1803.918590682848,1.451413599,-9.694119958,28.153345993918123,1947.6070507945
2018-09-10,food_drink,43.81729166666667,6.7327294,295.0099693647027,0.91588163,0.268274811,6.4346579882209225,281.94928584512274
2018-09-10,furniture_bedroom,167.35,2.961818,495.6602389216423,1.0,0.0,2.961818,495.6602423
2018-09-10,furniture_decor,93.39075398844987,71.22837,6652.071241913585,1.438541928,-45.22883424,57.23616246809736,5345.328368301029
2018-09-10,furniture_living_room,123.72369218200102,10.986789,1359.3260693359143,0.979503647,-1.317336385,9.444263509319484,1168.4791513127484
2018-09-10,furniture_mattress_and_upholstery,114.975,0.9646931,110.91559251397848,-7.99e-16,1.0,0.9999999999999992,114.97499999999991
2018-09-10,garden_tools,112.40679900553376,35.613182,4003.163798650665,1.443457717,-16.78896243,34.617159954825496,3891.2041411844816
2018-09-10,health_beauty,143.91942701772177,120.062706,17279.355852803634,1.482051688,-70.24837208,107.69076401314774,15498.793051872915
2018-09-10,home_appliances,87.52751657572024,14.939981,1307.6594749311066,2.142352355,-19.18064435,12.826059129005252,1122.633103015175
2018-09-10,home_appliances_2,530.6721666666667,4.9629416,2633.694996628682,0.7853248,-0.007641442,3.8898796774316797,2064.250876495304
2018-09-10,home_comfort_2,12.9,1.3249565,17.091939318180085,1.0,0.0,1.3249565,17.091938850000002
2018-09-10,home_confort,123.2236875,6.3472767,782.1348390315771,0.991694356,-0.371099713,5.923458766360305,729.9104319451177
2018-09-10,home_construction,179.10909161490684,12.081444,2163.8964220182647,1.587953116,-9.185870999,9.998895646579504,1790.8931164111016
2018-09-10,housewares,100.0056035068071,100.96733,10097.298864387894,1.359319731,-37.15599165,100.09089220538823,10009.650080534626
2018-09-10,industry_commerce_and_business,262.48,2.3351464,612.929234199524,1.0,0.0,2.3351464,612.9292270720001
2018-09-10,kitchen_dining_laundry_garden_furniture,136.19035714285715,3.2734034,445.8059789552859,0.933184131,-0.126437612,2.928250495241445,398.79948075068074
2018-09-10,la_cuisine,194.5,1.3031574,253.46412378549576,1.0,0.0,1.3031574,253.46411429999998
2018-09-10,luggage_accessories,104.1867865497076,15.67392,1633.0153238613732,1.668314959,-10.00839392,16.14064128216928,1681.6415480407697
2018-09-10,market_place,121.46208333333333,3.2056582,389.3659231111407,0.976038008,-0.034921894,3.0939223498568653,375.79425428517703
2018-09-10,music,75.41333333333333,1.6315749,123.04249946594236,1.06535504,0.015980253,1.754186795852496,132.28907356455622
2018-09-10,musical_instruments,244.7041319444444,10.169295,2488.4685815586317,1.173752931,-2.108238692,9.828001120453646,2404.9524829296365
2018-09-10,office_furniture,223.5765037593985,14.373344,3213.5420930632977,1.248662054,-3.814609055,14.132840186888574,3159.7709971748714
2018-09-10,party_supplies,90.47708333333333,2.503548,226.5137125993768,1.521135304,-1.244604108,2.5636311400585914,231.94986829500948
2018-09-10,perfumery,111.89363508205793,39.86471,4460.607510489862,1.611758444,-28.04055684,36.211726120111244,4051.8616681751528
2018-09-10,pet_shop,126.49666878128475,34.6402,4381.87010434058,1.1314917,-3.858346377,35.336752409339994,4469.9814653305475
2018-09-10,security_and_services,141.64499999999998,0.46810704,66.30502234607934,1.0,0.0,0.46810704,66.30502168079998
2018-09-10,signaling_and_security,85.32225,5.9849825,510.6521723034382,1.0,0.0,5.9849825,510.652173110625
2018-09-10,small_appliances,266.9498125,10.038754,2679.843621683657,1.663408052,-5.260007799,11.438536436647208,3053.5151570373905
2018-09-10,small_appliances_home_oven_and_coffee,222.05276785714284,2.9882762,663.5550109264892,1.471651707,-2.331903027,2.0657987437174734,458.71632887827343
2018-09-10,sports_leisure,106.1013118608872,72.588,7701.681753369853,1.494204539,-46.39895546,62.062363616932,6584.898196943881
2018-09-10,stationery,89.98196478683735,32.147366,2892.6831167154787,1.515696458,-18.615004,30.110644780229627,2709.4149783235903
2018-09-10,tablets_printing_image,63.7,1.0882541,69.32178579568863,1.075698678,-0.193426938,0.9772065586980796,62.24805778906767
2018-09-10,telephony,129.78883224791105,48.977497,6356.732155142185,1.203027526,-14.71821285,44.20306419558243,5737.064083724091
2018-09-10,toys,103.82085962301588,33.144478,3441.0881815448224,1.656264992,-23.9176635,30.978375089514177,3216.201531517583
2018-09-10,unknown,123.71496428571427,8.370197,1035.5186595566613,1.200083381,-2.598399515,7.446534800396055,921.2477868833264
2018-09-10,watches_gifts,168.48735467296967,77.18168,13004.136885508571,1.104984685,-10.14921406,75.1353603025708,12659.358099780613
2018-09-17,agro_industry_and_commerce,190.3938888888889,2.1783803,414.75028745346606,1.055311426,-1.803319879,0.4955497417633081,94.34964247220088
2018-09-17,air_conditioning,187.4595833333333,4.1824055,784.031987075011,1.398575767,-2.804590362,3.0448206180675186,570.7808043876795
2018-09-17,art,90.10166666666666,1.2425166,111.95281984110672,3.23e-16,1.0,1.0000000000000004,90.1016666666667
2018-09-17,arts_and_craftmanship,79.02419642857143,2.882398,227.7791770518465,1.0,0.0,2.882398,227.77918573732143
2018-09-17,audio,98.51708333333332,7.9831114,786.4728492335478,1.528613983,-3.040491666,9.162604047886708,902.673026535992
2018-09-17,auto,120.09665233501842,62.455097,7500.6480947963955,1.36486419,-30.88333913,54.35938624827644,6528.380311404237
2018-09-17,baby,97.91565425459956,35.36875,3463.1544458247995,1.627824217,-28.39770099,29.176406785018745,2856.826959153448
2018-09-17,bed_bath_table,92.69026163363507,91.99988,8527.492755565223,1.648621278,-72.49775519,79.17520455144664,7338.770424770164
2018-09-17,books_general_interest,45.10036213786215,9.238008,416.6374857330538,1.60413403,-4.419986421,10.39901658121224,468.99941369030523
2018-09-17,books_imported,217.2525,1.27778,277.60091161608693,1.221053887,-0.544333924,1.01590431173086,220.70775148430866
2018-09-17,books_technical,49.56099431818183,8.287629,410.7431400993467,1.0,0.0,8.287629,410.74313378019895
2018-09-17,cds_dvds_musicals,65.0,0.78034616,50.72250008583069,1.0,0.0,0.78034616,50.7225004
2018-09-17,christmas_supplies,63.98675,3.3498473,214.3458427945376,1.369144581,-0.711151196,3.875274081972482,247.9661938646527
2018-09-17,cine_photo,58.63354166666667,2.0809603,122.01407091716926,0.971336135,0.117709988,2.1390219228904406,125.41843104171012
2018-09-17,computers,841.8125,2.5314174,2130.978784650564,1.010791723,-0.448393813,2.1103419423781804,1776.512226368232
2018-09-17,computers_accessories,92.6932744216227,69.14985,6409.725923822703,1.539529831,-54.55494378,51.90331310417535,4811.088044956732
2018-09-17,consoles_games,102.39000892857143,13.827107,1415.7576531632712,1.249666223,-3.66165075,13.617617829706859,1394.3080111695588
2018-09-17,construction_tools_construction,140.12401357136838,37.461353,5249.235178491547,1.633091277,-32.87222874,28.305580068917784,3966.29148572249
2018-09-17,construction_tools_lights,137.5767781986532,11.9917555,1649.7870846458857,1.490828475,-7.423103414,10.454547150637865,1438.3029145106673
2018-09-17,construction_tools_safety,153.65541666666667,6.8302865,1049.510518546303,1.031079361,0.193457195,7.236024634866926,1111.854380280742
2018-09-17,cool_stuff,136.41866979949873,23.499252,3205.736742686594,1.409665544,-13.08549513,20.040590724173093,2733.9107285878663
2018-09-17,costruction_tools_garden,110.5209375,1.4951428,165.24458588618785,0.866058862,-0.3523404,0.9425412718954936,104.17054500233236
2018-09-17,costruction_tools_tools,117.264375,3.5332215,414.3210089676082,1.233371316,-0.60688418,3.7508898711744934,439.84575643710747
2018-09-17,diapers_and_hygiene,69.7225,1.2910894,90.01798177570105,-2.77e-16,1.0,0.9999999999999997,69.72249999999997
2018-09-17,drinks,48.84649305555556,7.5187407,367.2641131417288,0.594597947,-0.024675755,4.445952029245344,217.16916492186587
2018-09-17,dvds_blu_ray,47.25875,1.3670075,64.60306540578604,0.882436904,-0.129390012,1.0769078540447798,50.893319047338736
2018-09-17,electronics,95.01823675775978,29.4729,2800.4630272542768,1.451383932,-15.48145857,27.2950349194428,2593.5260902869363
2018-09-17,fashio_female_clothing,36.865,1.5735525,58.00901251733303,1.578645501,-1.000781263,1.4833003117123025,54.68186599127404
2018-09-17,fashion_bags_accessories,64.89250315656565,29.051157,1885.2022971738768,1.498096436,-11.79732521,31.724109553376454,2058.656879331716
2018-09-17,fashion_childrens_clothes,52.49,0.73634964,38.650992723107336,1.0,0.0,0.73634964,38.6509926036
2018-09-17,fashion_male_clothing,106.91,1.6240956,173.63205622553824,1.0,0.0,1.6240956,173.632060596
2018-09-17,fashion_shoes,173.0,2.4883137,430.4782657623291,1.054062513,-0.146669564,2.476168627754328,428.3771726014987
2018-09-17,fashion_sport,77.4,0.83779746,64.84552363157273,4.74e-16,1.0,1.0000000000000004,77.40000000000003
2018-09-17,fashion_underwear_beach,69.9125,1.533768,107.22955934256316,1.0,0.0,1.533768,107.22955529999999
2018-09-17,fixed_telephony,265.33458333333334,5.723552,1518.6563453429935,0.925749011,0.352734386,5.651306989407072,1499.4871853230798
2018-09-17,flowers,44.08625,1.4943026,65.87819934055209,1.0,0.0,1.4943026,65.87819799924999
2018-09-17,food,69.17852859177859,21.898893,1514.9332201787176,1.451413599,-9.694119958,22.09023114524591,1528.169686880392
2018-09-17,food_drink,43.81729166666667,4.202073,184.12346250593663,0.91588163,0.268274811,4.116876279618991,180.39036869964687
2018-09-17,furniture_bedroom,167.35,4.239666,709.508102607727,1.0,0.0,4.239666,709.5081051
2018-09-17,furniture_decor,93.39075398844987,72.33748,6755.651671597751,1.438541928,-45.22883424,58.831663705861445,5494.333431885321
2018-09-17,furniture_living_room,123.72369218200102,8.070294,998.4866177125114,0.979503647,-1.317336385,6.587546020362219,815.035516058061
2018-09-17,furniture_mattress_and_upholstery,114.975,0.8165919,93.88765582591294,-7.99e-16,1.0,0.9999999999999993,114.97499999999992
2018-09-17,garden_tools,112.40679900553376,32.52323,3655.832346944464,1.443457717,-16.78896243,30.156944895265905,3389.8456434631116
2018-09-17,health_beauty,143.91942701772177,108.40679,15601.843344424253,1.482051688,-70.24837208,90.41609403016153,13012.632446001302
2018-09-17,home_appliances,87.52751657572024,18.447517,1614.6653845734595,2.142352355,-19.18064435,20.340437138852536,1780.347948828311
2018-09-17,home_appliances_2,530.6721666666667,4.6355515,2459.958133065542,0.7853248,-0.007641442,3.6327721126272,1927.8110480141206
2018-09-17,home_comfort_2,12.9,1.2274671,15.834325075149536,1.0,0.0,1.2274671,15.834325589999999
2018-09-17,home_confort,123.2236875,6.1303253,755.401291182518,0.991694356,-0.371099713,5.708309287454007,703.3989197905802
2018-09-17,home_construction,179.10909161490684,7.773813,1392.3605437701424,1.587953116,-9.185870999,3.1585795775513077,565.7303189286109
2018-09-17,housewares,100.0056035068071,89.199585,8920.45832657527,1.359319731,-37.15599165,84.09476423751164,8409.94764933501
2018-09-17,industry_commerce_and_business,262.48,2.909153,763.5944754028321,1.0,0.0,2.909153,763.59447944
2018-09-17,kitchen_dining_laundry_garden_furniture,136.19035714285715,3.0920815,421.1116901712758,0.933184131,-0.126437612,2.759043775558676,375.7551571661131
2018-09-17,la_cuisine,194.5,1.3562874,263.79789155721664,1.0,0.0,1.3562874,263.7978993
2018-09-17,luggage_accessories,104.1867865497076,12.821685,1335.8501413557017,1.668314959,-10.00839392,11.382214965085915,1185.876401030294
2018-09-17,market_place,121.46208333333333,3.6136868,438.9259272425373,0.976038008,-0.034921894,3.4921737718078942,424.1667016858114
2018-09-17,music,75.41333333333333,2.4093974,181.70068651835123,1.06535504,0.015980253,2.5828439164528962,194.7808692194344
2018-09-17,musical_instruments,244.7041319444444,9.271585,2268.7952728337045,1.173752931,-2.108238692,8.774311376765635,2147.1102488616975
2018-09-17,office_furniture,223.5765037593985,12.091643,2703.4073411950494,1.248662054,-3.814609055,11.28376672961472,2522.785114643881
2018-09-17,party_supplies,90.47708333333333,1.4857259,134.42414422531922,1.521135304,-1.244604108,1.0153860105571735,91.86916469268226
2018-09-17,perfumery,111.89363508205793,39.56099,4426.622909157776,1.611758444,-28.04055684,35.72220284549955,3997.0871295215784
2018-09-17,pet_shop,126.49666878128475,35.146656,4445.934907403318,1.1314917,-3.858346377,35.90980316975519,4542.470477565652
2018-09-17,security_and_services,141.64499999999998,0.16441622,23.288736015111205,1.0,0.0,0.16441622,23.288735481899998
2018-09-17,signaling_and_security,85.32225,4.7231493,402.9897253296375,1.0,0.0,4.7231493,402.989725361925
2018-09-17,small_appliances,266.9498125,8.127861,2169.730976102352,1.663408052,-5.260007799,8.259941633936771,2204.989870440365
2018-09-17,small_appliances_home_oven_and_coffee,222.05276785714284,4.4613385,990.6525667248028,1.471651707,-2.331903027,4.2336333920298195,940.0900127926457
2018-09-17,sports_leisure,106.1013118608872,73.55413,7804.189744587503,1.494204539,-46.39895546,63.50595944819607,6738.065608437907
2018-09-17,stationery,89.98196478683735,32.043964,2883.378875010492,1.515696458,-18.615004,29.95391873507952,2695.312460847713
2018-09-17,tablets_printing_image,63.7,0.8946429,56.98875206112862,1.075698678,-0.193426938,0.7689392468120861,48.98143002192989
2018-09-17,telephony,129.78883224791105,38.738853,5027.870552494171,1.203027526,-14.71821285,31.885693634667682,4138.406942258169
2018-09-17,toys,103.82085962301588,30.721386,3189.520698742698,1.656264992,-23.9176635,26.96509263751891,2799.53909744147
2018-09-17,unknown,123.71496428571427,7.1111836,879.7598304650953,1.200083381,-2.598399515,5.935613742599752,734.3242421795233
2018-09-17,watches_gifts,168.48735467296967,84.49086,14235.64149297615,1.104984685,-10.14921406,83.2118922624791,14020.151604637256
2018-09-24,agro_industry_and_commerce,190.3938888888889,5.559115,1058.4215108768146,1.055311426,-1.803319879,4.06327769894799,773.6232427382039
2018-09-24,air_conditioning,187.4595833333333,3.8991337,730.9299754357338,1.398575767,-2.804590362,2.6486435431130486,496.51361499049574
2018-09-24,art,90.10166666666666,0.79011154,71.1903667640686,3.23e-16,1.0,1.0000000000000002,90.10166666666667
2018-09-24,arts_and_craftmanship,79.02419642857143,3.2807877,259.26161214903,1.0,0.0,3.2807877,259.2616116452411
2018-09-24,audio,98.51708333333332,7.8823447,776.5456119130054,1.528613983,-3.040491666,9.00857066124594,887.4981065481879
2018-09-24,auto,120.09665233501842,51.030334,6128.572337702303,1.36486419,-30.88333913,38.766136350339465,4655.683199638638
2018-09-24,baby,97.91565425459956,27.425243,2685.3606484177044,1.627824217,-28.39770099,16.24577372250973,1590.7155629117215
2018-09-24,bed_bath_table,92.69026163363507,72.42773,6713.344941579599,1.648621278,-72.49775519,46.908141605238924,4347.9279181371985
2018-09-24,books_general_interest,45.10036213786215,9.693829,437.1951795850006,1.60413403,-4.419986421,11.130214558900867,501.9767072785347
2018-09-24,books_imported,217.2525,1.5112832,328.3300445562601,1.221053887,-0.544333924,1.3010243017177985,282.65078210894603
2018-09-24,books_technical,49.56099431818183,7.2281976,358.2366589262134,1.0,0.0,7.2281976,358.2366601842955
2018-09-24,cds_dvds_musicals,65.0,1.0161896,66.05232238769531,1.0,0.0,1.0161896,66.052324
2018-09-24,christmas_supplies,63.98675,3.122189,199.7787298721075,1.369144581,-0.711151196,3.5635769542078095,228.02170767465657
2018-09-24,cine_photo,58.63354166666667,1.9550515,114.6315960089614,0.971336135,0.117709988,2.0167221557359527,118.24756254843382
2018-09-24,computers,841.8125,3.1007283,2610.2318196445704,1.010791723,-0.448393813,2.685796687911861,2260.9372243428033
2018-09-24,computers_accessories,92.6932744216227,50.562695,4686.821721379102,1.539529831,-54.55494378,23.287833508254536,2158.6255420656985
2018-09-24,consoles_games,102.39000892857143,12.06867,1235.7112569907565,1.249666223,-3.66165075,11.42015850553341,1169.3101313472669
2018-09-24,construction_tools_construction,140.12401357136838,39.38622,5518.955089136093,1.633091277,-32.87222874,31.449063576002942,4406.7690113306635
2018-09-24,construction_tools_lights,137.5767781986532,11.818917,1626.008560418691,1.490828475,-7.423103414,10.196874593261576,1402.8531542366297
2018-09-24,construction_tools_safety,153.65541666666667,5.3207264,817.558431139787,1.031079361,0.193457195,5.679548371567829,872.693371511743
2018-09-24,cool_stuff,136.41866979949873,19.144623,2611.6839765621744,1.409665544,-13.08549513,13.902020265969911,1896.495112209289
2018-09-24,costruction_tools_garden,110.5209375,1.688958,186.66522695381195,0.866058862,-0.3523404,1.110396643445796,122.72207803048259
2018-09-24,costruction_tools_tools,117.264375,2.581237,302.68715264484285,1.233371316,-0.60688418,2.5767394955978915,302.159746489102
2018-09-24,diapers_and_hygiene,69.7225,0.98944813,68.98679725304245,-2.77e-16,1.0,0.9999999999999998,69.72249999999998
2018-09-24,drinks,48.84649305555556,5.414297,264.46942588547864,0.594597947,-0.024675755,3.1946541256482592,156.04765056337962
2018-09-24,dvds_blu_ray,47.25875,0.96002233,45.3694553013146,0.882436904,-0.129390012,0.7177691206560664,33.92087143080487
2018-09-24,electronics,95.01823675775978,24.314035,2310.276773660732,1.451383932,-15.48145857,19.807541151085616,1882.0776346829227
2018-09-24,fashio_female_clothing,36.865,1.4584922,53.767313472628594,1.578645501,-1.000781263,1.3016608867735924,47.98572859090849
2018-09-24,fashion_bags_accessories,64.89250315656565,25.846842,1677.266263881145,1.498096436,-11.79732521,26.92373667205511,1747.1486669778787
2018-09-24,fashion_childrens_clothes,52.49,0.69454795,36.45682195961475,1.0,0.0,0.69454795,36.4568218955
2018-09-24,fashion_male_clothing,106.91,1.2832192,137.1889666235447,1.0,0.0,1.2832192,137.188964672
2018-09-24,fashion_shoes,173.0,2.18643,378.2523860931397,1.054062513,-0.146669564,2.15796433629859,373.3278301796561
2018-09-24,fashion_sport,77.4,1.0203135,78.9722650051117,4.74e-16,1.0,1.0000000000000004,77.40000000000003
2018-09-24,fashion_underwear_beach,69.9125,1.6936376,118.40643937289714,1.0,0.0,1.6936376,118.40643870999999
2018-09-24,fixed_telephony,265.33458333333334,4.2403336,1125.1071375751496,0.925749011,0.352734386,4.278219022510069,1135.15946174645
2018-09-24,flowers,44.08625,1.1637455,51.30517604127526,1.0,0.0,1.1637455,51.305175049375
2018-09-24,food,69.17852859177859,12.848466,888.8379669722519,1.451413599,-9.694119958,8.954318320689135,619.4465659676802
2018-09-24,food_drink,43.81729166666667,5.705793,250.0123918597897,0.91588163,0.268274811,5.49410580428259,240.73683647377652
2018-09-24,furniture_bedroom,167.35,3.8127003,638.0553904533386,1.0,0.0,3.8127003,638.055395205
2018-09-24,furniture_decor,93.39075398844987,48.978935,4574.179691773749,1.438541928,-45.22883424,25.22941734628668,2356.194308658989
2018-09-24,furniture_living_room,123.72369218200102,8.8855915,1099.3581884618752,0.979503647,-1.317336385,7.386132895002201,913.8396327166043
2018-09-24,furniture_mattress_and_upholstery,114.975,0.63182235,72.64377442002296,-7.99e-16,1.0,0.9999999999999994,114.97499999999994
2018-09-24,garden_tools,112.40679900553376,23.366695,2626.575433706885,1.443457717,-16.78896243,16.939873788535312,1904.1569881269984
2018-09-24,health_beauty,143.91942701772177,84.55676,12169.360837582846,1.482051688,-70.24837208,55.06911680981089,7925.515737639974
2018-09-24,home_appliances,87.52751657572024,12.767383,1117.4972940551106,2.142352355,-19.18064435,8.171588687236962,715.2388642721012
2018-09-24,home_appliances_2,530.6721666666667,4.2118444,2235.108616906325,0.7853248,-0.007641442,3.3000244190611205,1751.231108516073
2018-09-24,home_comfort_2,12.9,1.19143,15.369446647167209,1.0,0.0,1.19143,15.369447000000001
2018-09-24,home_confort,123.2236875,6.6127887,814.8522054647505,0.991694356,-0.371099713,6.186765518210578,762.3560608517558
2018-09-24,home_construction,179.10909161490684,6.7264485,1204.768087062906,1.587953116,-9.185870999,1.4954138561885255,267.8422173702717
2018-09-24,housewares,100.0056035068071,72.31251,7231.655966568193,1.359319731,-37.15599165,61.139829991134825,6114.325596567023
2018-09-24,industry_commerce_and_business,262.48,3.682917,966.6920851516724,1.0,0.0,3.682917,966.6920541600001
2018-09-24,kitchen_dining_laundry_garden_furniture,136.19035714285715,2.4586174,334.8399884306533,0.933184131,-0.126437612,2.1679051298804795,295.2477738902546
2018-09-24,la_cuisine,194.5,1.6561847,322.12791895866394,1.0,0.0,1.6561847,322.12792415
2018-09-24,luggage_accessories,104.1867865497076,10.458614,1089.649420823025,1.668314959,-10.00839392,7.439868266606826,775.1359670509086
2018-09-24,market_place,121.46208333333333,3.1834545,386.66901741266247,0.976038008,-0.034921894,3.072250694738636,373.16196990523537
2018-09-24,music,75.41333333333333,2.0893538,157.5651345570882,1.06535504,0.015980253,2.241883854173152,169.06793438937794
2018-09-24,musical_instruments,244.7041319444444,9.468244,2316.918330916663,1.173752931,-2.108238692,9.005140454423165,2203.5950779374202
2018-09-24,office_furniture,223.5765037593985,8.820579,1972.0741189635787,1.248662054,-3.814609055,7.199313236609266,1609.5972829098587
2018-09-24,party_supplies,90.47708333333333,1.1286507,102.11702029705047,1.521135304,-1.244604108,0.47222631765431244,42.72565989460236
2018-09-24,perfumery,111.89363508205793,42.001957,4699.751642542796,1.611758444,-28.04055684,39.6564520192749,4437.304570893885
2018-09-24,pet_shop,126.49666878128475,27.184246,3438.716570329656,1.1314917,-3.858346377,26.900402342758202,3402.8112852351805
2018-09-24,security_and_services,141.64499999999998,0.66122407,93.65908300012347,1.0,0.0,0.66122407,93.65908339514999
2018-09-24,signaling_and_security,85.32225,4.9037848,418.4019485471249,1.0,0.0,4.9037848,418.4019526518
2018-09-24,small_appliances,266.9498125,7.653184,2043.0160170295835,1.663408052,-5.260007799,7.47036009003757,1994.2112253430123
2018-09-24,small_appliances_home_oven_and_coffee,222.05276785714284,4.054898,900.40127657852,1.471651707,-2.331903027,3.635494536410885,807.2716243395574
2018-09-24,sports_leisure,106.1013118608872,55.857265,5926.529143584764,1.494204539,-46.39895546,37.06322343912583,3932.4566286844333
2018-09-24,stationery,89.98196478683735,26.978155,2427.547405471141,1.515696458,-18.615004,22.275689976874993,2004.4103511016715
2018-09-24,tablets_printing_image,63.7,0.89587265,57.067087966203694,1.075698678,-0.193426938,0.7702620872613567,49.06569495854843
2018-09-24,telephony,129.78883224791105,28.211617,3661.552763452223,1.203027526,-14.71821285,19.221138953969543,2494.6891793105415
2018-09-24,toys,103.82085962301588,26.539455,2755.3490749893244,1.656264992,-23.9176635,20.038706723259363,2080.4357577422948
2018-09-24,unknown,123.71496428571427,5.5648685,688.4575015668357,1.200083381,-2.598399515,4.079906689300399,504.7455103558457
2018-09-24,watches_gifts,168.48735467296967,54.965134,9260.9299707977,1.104984685,-10.14921406,50.58641721897279,8523.171619607889
2018-10-01,agro_industry_and_commerce,190.3938888888889,6.065044,1154.7472993985814,1.055311426,-1.803319879,4.597190353392745,875.2769493449301
2018-10-01,air_conditioning,187.4595833333333,3.4179597,640.7292993551494,1.398575767,-2.804590362,1.9756852470025903,370.3611332009193
2018-10-01,art,90.10166666666666,0.78080225,70.35158405383427,3.23e-16,1.0,1.0000000000000002,90.10166666666667
2018-10-01,arts_and_craftmanship,79.02419642857143,3.3794618,267.05925036306894,1.0,0.0,3.3794618,267.0592531060536
2018-10-01,audio,98.51708333333332,7.752148,763.7190254435935,1.528613983,-3.040491666,8.809550165085485,867.8911877429069
2018-10-01,auto,120.09665233501842,57.141945,6862.556288631123,1.36486419,-30.88333913,47.10765534744955,5657.47170658052
2018-10-01,baby,97.91565425459956,30.12495,2949.7042286782907,1.627824217,-28.39770099,20.64042215591414,2021.0204394874654
2018-10-01,bed_bath_table,92.69026163363507,74.76215,6929.723579840528,1.648621278,-72.49775519,50.756716089027705,4704.653293956113
2018-10-01,books_general_interest,45.10036213786215,9.102921,410.5450125155989,1.60413403,-4.419986421,10.18231892750163,459.22627103353165
2018-10-01,books_imported,217.2525,1.4407176,312.9994956001639,1.221053887,-0.544333924,1.2148599015493111,263.9313507613417
2018-10-01,books_technical,49.56099431818183,8.203851,406.591000217389,1.0,0.0,8.203851,406.59101279821033
2018-10-01,cds_dvds_musicals,65.0,0.9802154,63.71399909257889,1.0,0.0,0.9802154,63.714000999999996
2018-10-01,christmas_supplies,63.98675,3.252979,208.147556597054,1.369144581,-0.711151196,3.742647373956799,239.47984185553022
2018-10-01,cine_photo,58.63354166666667,1.3979775,81.96837031555674,0.971336135,0.117709988,1.4756160496669628,86.52059513214994
2018-10-01,computers,841.8125,4.444777,3741.6688483059406,1.010791723,-0.448393813,4.0443499891807715,3404.584375267238
2018-10-01,computers_accessories,92.6932744216227,59.775547,5540.7911843308175,1.539529831,-54.55494378,37.47129399084257,3473.336936826472
2018-10-01,consoles_games,102.39000892857143,12.519795,1281.9019646109598,1.249666223,-3.66165075,11.983914180384286,1227.0330799287808
2018-10-01,construction_tools_construction,140.12401357136838,34.66541,4857.456253522832,1.633091277,-32.87222874,23.73954994462857,3326.4810186193113
2018-10-01,construction_tools_lights,137.5767781986532,12.105453,1665.429158750999,1.490828475,-7.423103414,10.624050621174177,1461.6226558805433
2018-10-01,construction_tools_safety,153.65541666666667,4.931037,757.6805370215575,1.031079361,0.193457195,5.277747674027356,810.9545179142043
2018-10-01,cool_stuff,136.41866979949873,22.072405,3011.0881104750247,1.409665544,-13.08549513,18.029213671713322,2459.521346626068
2018-10-01,costruction_tools_garden,110.5209375,1.7193538,190.0245933232829,0.866058862,-0.3523404,1.1367211954033758,125.63149219210179
2018-10-01,costruction_tools_tools,117.264375,2.5963507,304.4594385820627,1.233371316,-0.60688418,2.5953802996565205,304.3456487265346
2018-10-01,diapers_and_hygiene,69.7225,1.3437138,93.68708265781402,-2.77e-16,1.0,0.9999999999999997,69.72249999999997
2018-10-01,drinks,48.84649305555556,6.4915524,317.08956692596274,0.594597947,-0.024675755,3.8351879748829227,187.33548278186888
2018-10-01,dvds_blu_ray,47.25875,0.8589705,40.59387319818139,0.882436904,-0.129390012,0.6285972566473319,29.706720602582095
2018-10-01,electronics,95.01823675775978,30.621077,2909.5607046229225,1.451383932,-15.48145857,28.961480568334764,2751.8688174972917
2018-10-01,fashio_female_clothing,36.865,1.5911375,58.657284985184674,1.578645501,-1.000781263,1.5110607928473878,55.70525612831896
2018-10-01,fashion_bags_accessories,64.89250315656565,25.858847,1678.045288796587,1.498096436,-11.79732521,26.94172131976929,1748.3157357864407
2018-10-01,fashion_childrens_clothes,52.49,0.71117574,37.32961458027363,1.0,0.0,0.71117574,37.329614592599995
2018-10-01,fashion_male_clothing,106.91,1.1792296,126.07143836617468,1.0,0.0,1.1792296,126.071436536
2018-10-01,fashion_shoes,173.0,2.8148427,486.9677872657776,1.054062513,-0.146669564,2.8203506060617047,487.9206548486749
2018-10-01,fashion_sport,77.4,0.97686845,75.60961807966233,4.74e-16,1.0,1.0000000000000004,77.40000000000003
2018-10-01,fashion_underwear_beach,69.9125,1.5968579,111.64032831043004,1.0,0.0,1.5968579,111.64032793375
2018-10-01,fixed_telephony,265.33458333333334,6.07744,1612.5549530873695,0.925749011,0.352734386,5.97891845541184,1586.4138371506774
2018-10-01,flowers,44.08625,1.0745615,47.37338590249419,1.0,0.0,1.0745615,47.373386929374995
2018-10-01,food,69.17852859177859,18.479193,1278.3633628857249,1.451413599,-9.694119958,17.126832060745606,1184.80904140088
2018-10-01,food_drink,43.81729166666667,6.074867,266.1842091716329,0.91588163,0.268274811,5.8321339009932105,255.54831217887397
2018-10-01,furniture_bedroom,167.35,2.9540749,494.3644277572632,1.0,0.0,2.9540749,494.364434515
2018-10-01,furniture_decor,93.39075398844987,60.35275,5636.388722324212,1.438541928,-45.22883424,41.591127105102004,3884.2267195749305
2018-10-01,furniture_living_room,123.72369218200102,10.161725,1257.246141412978,0.979503647,-1.317336385,8.636110312311075,1068.4914539301801
2018-10-01,furniture_mattress_and_upholstery,114.975,0.96666205,111.14196911752224,-7.99e-16,1.0,0.9999999999999992,114.97499999999991
2018-10-01,garden_tools,112.40679900553376,26.144743,2938.8468675965846,1.443457717,-16.78896243,20.94986861233173,2354.907670298713
2018-10-01,health_beauty,143.91942701772177,73.424965,10567.27887789301,1.482051688,-70.24837208,38.571221239590926,5551.148060175707
2018-10-01,home_appliances,87.52751657572024,14.557812,1274.2091081217818,2.142352355,-19.18064435,12.007318471847256,1050.9707665745625
2018-10-01,home_appliances_2,530.6721666666667,5.3214564,2823.9488147734805,0.7853248,-0.007641442,4.1714302410387205,2213.6619241108738
2018-10-01,home_comfort_2,12.9,1.0798998,13.930707263946534,1.0,0.0,1.0798998,13.93070742
2018-10-01,home_confort,123.2236875,7.921295,976.09120013237,0.991694356,-0.371099713,7.48440383071102,922.2558387593376
2018-10-01,home_construction,179.10909161490684,8.268187,1480.9073857144688,1.587953116,-9.185870999,3.9436223113206896,706.3386098529281
2018-10-01,housewares,100.0056035068071,73.98956,7399.370899847984,1.359319731,-37.15599165,63.41947714600837,6342.303086072728
2018-10-01,industry_commerce_and_business,262.48,3.4096427,894.9630149459839,1.0,0.0,3.4096427,894.9630158960001
2018-10-01,kitchen_dining_laundry_garden_furniture,136.19035714285715,3.1068144,423.1181605962345,0.933184131,-0.126437612,2.7727922840422865,377.6275714466776
2018-10-01,la_cuisine,194.5,1.2454314,242.2364118099213,1.0,0.0,1.2454314,242.2364073
2018-10-01,luggage_accessories,104.1867865497076,10.770466,1122.1402266413484,1.668314959,-10.00839392,7.960135623200895,829.3409510811554
2018-10-01,market_place,121.46208333333333,4.845011,588.4851582894722,0.976038008,-0.034921894,4.693992991178088,570.1421678605554
2018-10-01,music,75.41333333333333,1.6874247,127.25431833902994,1.06535504,0.015980253,1.813686661765488,136.77615678594134
2018-10-01,musical_instruments,244.7041319444444,8.870389,2170.620836505724,1.173752931,-2.108238692,8.30340639586016,2031.8778542809082
2018-10-01,office_furniture,223.5765037593985,12.25507,2739.945644157094,1.248662054,-3.814609055,11.48783182311378,2568.4092747877357
2018-10-01,party_supplies,90.47708333333333,1.0759845,97.351937281092,1.521135304,-1.244604108,0.3921139015067878,35.4773221427881
2018-10-01,perfumery,111.89363508205793,33.614037,3761.196740486149,1.611758444,-28.04055684,26.13715113167843,2924.5808508126233
2018-10-01,pet_shop,126.49666878128475,28.2065,3568.0281740983355,1.1314917,-3.858346377,28.057074259049998,3549.126429518958
2018-10-01,security_and_services,141.64499999999998,0.5908052,83.68459871828556,1.0,0.0,0.5908052,83.684602554
2018-10-01,signaling_and_security,85.32225,6.0139985,513.1278842378855,1.0,0.0,6.0139985,513.1278835166249
2018-10-01,small_appliances,266.9498125,9.273793,2475.6373613815904,1.663408052,-5.260007799,10.166094149781236,2713.8369271414476
2018-10-01,small_appliances_home_oven_and_coffee,222.05276785714284,3.049957,677.2514019050129,1.471651707,-2.331903027,2.156571398326599,478.8726480799702
2018-10-01,sports_leisure,106.1013118608872,54.169266,5747.430158305182,1.494204539,-46.39895546,34.54100767149837,3664.8462269429456
2018-10-01,stationery,89.98196478683735,25.193281,2266.9409394373106,1.515696458,-18.615004,19.5703627770987,1760.9796942745277
2018-10-01,tablets_printing_image,63.7,0.6793703,43.27588709592819,1.075698678,-0.193426938,0.5373707955824634,34.23051967860292
2018-10-01,telephony,129.78883224791105,34.40205,4465.001898810753,1.203027526,-14.71821285,26.668400250828306,3461.260526474904
2018-10-01,toys,103.82085962301588,28.068602,2914.106347387218,1.656264992,-23.9176635,22.571379366981187,2343.380008757191
2018-10-01,unknown,123.71496428571427,7.9696,985.9588041952168,1.200083381,-2.598399515,6.965784998217599,861.7718422764544
2018-10-01,watches_gifts,168.48735467296967,60.132496,10131.565160725837,1.104984685,-10.14921406,56.29627309082377,9485.210131019983
2018-10-08,agro_industry_and_commerce,190.3938888888889,4.022001,765.764371454186,1.055311426,-1.803319879,2.441143731683427,464.778848411942
2018-10-08,air_conditioning,187.4595833333333,4.322938,810.376149768432,1.398575767,-2.804590362,3.2413659670434463,607.6251136128114
2018-10-08,art,90.10166666666666,0.48767152,43.94001712406675,3.23e-16,1.0,1.0000000000000002,90.10166666666667
2018-10-08,arts_and_craftmanship,79.02419642857143,3.1352177,247.75805673377852,1.0,0.0,3.1352177,247.75805937113392
2018-10-08,audio,98.51708333333332,8.140183,801.9471311732132,1.528613983,-3.040491666,9.40270589197889,926.3271599189085
2018-10-08,auto,120.09665233501842,50.803005,6101.270855301024,1.36486419,-30.88333913,38.45586313889095,4618.4204256344365
2018-10-08,baby,97.91565425459956,27.228846,2666.1302311605064,1.627824217,-28.39770099,15.926073929763579,1559.4119485399224
2018-10-08,bed_bath_table,92.69026163363507,69.21851,6415.882125165346,1.648621278,-72.49775519,41.617353227455766,3857.523359152282
2018-10-08,books_general_interest,45.10036213786215,9.180376,414.0382845455832,1.60413403,-4.419986421,10.30656712879528,464.82990990685323
2018-10-08,books_imported,217.2525,1.3925937,302.5444718071818,1.221053887,-0.544333924,1.1560980263967118,251.1651864797516
2018-10-08,books_technical,49.56099431818183,6.7149343,332.79882312072954,1.0,0.0,6.7149343,332.7988206892643
2018-10-08,cds_dvds_musicals,65.0,0.9320928,60.5860310792923,1.0,0.0,0.9320928,60.586032
2018-10-08,christmas_supplies,63.98675,2.762923,176.79046341377497,1.369144581,-0.711151196,3.071689857170263,196.54745096828933
2018-10-08,cine_photo,58.63354166666667,1.3700088,80.32846959797045,0.971336135,0.117709988,1.4484490407079882,84.9276971803952
2018-10-08,computers,841.8125,3.117606,2624.4396374076605,1.010791723,-0.448393813,2.702856527375138,2275.2984104509833
2018-10-08,computers_accessories,92.6932744216227,52.338676,4851.443299288778,1.539529831,-54.55494378,26.02200923704376,2412.0652432112984
2018-10-08,consoles_games,102.39000892857143,10.119255,1036.1106165498325,1.249666223,-3.66165075,8.984040425423865,919.8759793737962
2018-10-08,construction_tools_construction,140.12401357136838,35.132687,4922.933056037524,1.633091277,-32.87222874,24.502655937271292,3433.4104930887725
2018-10-08,construction_tools_lights,137.5767781986532,12.397005,1705.5400183806314,1.490828475,-7.423103414,11.058704644717377,1521.4209560706984
2018-10-08,construction_tools_safety,153.65541666666667,6.1465516,944.4509485501052,1.031079361,0.193457195,6.531039691081527,1003.52962499967
2018-10-08,cool_stuff,136.41866979949873,19.624306,2677.121682756509,1.409665544,-13.08549513,14.578212863112467,1988.7404068397448
2018-10-08,costruction_tools_garden,110.5209375,1.863871,205.99676790688187,0.866058862,-0.3523404,1.2618815971748023,139.46433713375652
2018-10-08,costruction_tools_tools,117.264375,3.4478006,404.30418673932553,1.233371316,-0.60688418,3.645534183327589,427.4912875490452
2018-10-08,diapers_and_hygiene,69.7225,1.0287348,71.72596231609583,-2.77e-16,1.0,0.9999999999999997,69.72249999999997
2018-10-08,drinks,48.84649305555556,6.1676183,301.2665232239001,0.594597947,-0.024675755,3.6425774240596303,177.9271328486522
2018-10-08,dvds_blu_ray,47.25875,0.73025477,34.510927579849955,0.882436904,-0.129390012,0.515013746370032,24.33890588626475
2018-10-08,electronics,95.01823675775978,26.685104,2535.571564945325,1.451383932,-15.48145857,23.24887259934892,2209.0668809959298
2018-10-08,fashio_female_clothing,36.865,1.1600968,42.76696722567082,1.578645501,-1.000781263,0.8306003310444969,30.62008120395538
2018-10-08,fashion_bags_accessories,64.89250315656565,27.117048,1759.6931400391488,1.498096436,-11.79732521,28.82662775364093,1870.6320324962871
2018-10-08,fashion_childrens_clothes,52.49,0.817149,42.892150142788886,1.0,0.0,0.817149,42.89215101
2018-10-08,fashion_male_clothing,106.91,1.6721975,178.7746305692196,1.0,0.0,1.6721975,178.774634725
2018-10-08,fashion_shoes,173.0,3.5909843,621.240291595459,1.054062513,-0.146669564,3.638452371401546,629.4522602524675
2018-10-08,fashion_sport,77.4,0.8236873,63.75339818000794,4.74e-16,1.0,1.0000000000000004,77.40000000000003
2018-10-08,fashion_underwear_beach,69.9125,1.5495797,108.3349935427308,1.0,0.0,1.5495797,108.33499077625
2018-10-08,fixed_telephony,265.33458333333334,6.742073,1788.9051459344228,0.925749011,0.352734386,6.594201797839803,1749.6697864457417
2018-10-08,flowers,44.08625,0.91416985,40.30232045985758,1.0,0.0,0.91416985,40.302320549562495
2018-10-08,food,69.17852859177859,15.588119,1078.3631050219255,1.451413599,-9.694119958,12.930687941430284,894.5259654676015
2018-10-08,food_drink,43.81729166666667,5.7817173,253.3391932864984,0.91588163,0.268274811,5.563643475923199,243.783788913874
2018-10-08,furniture_bedroom,167.35,3.4333587,574.5725733041763,1.0,0.0,3.4333587,574.572578445
2018-10-08,furniture_decor,93.39075398844987,55.24093,5158.991977636542,1.438541928,-45.22883424,34.23755970671304,3197.4715157345017
2018-10-08,furniture_living_room,123.72369218200102,8.636333,1068.5190632760605,0.979503647,-1.317336385,7.141983285206451,883.6325415478793
2018-10-08,furniture_mattress_and_upholstery,114.975,0.6294383,72.36966636478901,-7.99e-16,1.0,0.9999999999999994,114.97499999999994
2018-10-08,garden_tools,112.40679900553376,24.19854,2720.0803920944268,1.443457717,-16.78896243,18.140606873133184,2039.127550626686
2018-10-08,health_beauty,143.91942701772177,66.660324,9593.715648809772,1.482051688,-70.24837208,28.545673626826925,4108.276992207823
2018-10-08,home_appliances,87.52751657572024,14.018101,1226.9695447513973,2.142352355,-19.18064435,10.851067339977853,949.766976464168
2018-10-08,home_appliances_2,530.6721666666667,4.629783,2456.8970572826865,0.7853248,-0.007641442,3.6282419665184,1925.407025563247
2018-10-08,home_comfort_2,12.9,1.1365587,14.66160660982132,1.0,0.0,1.1365587,14.66160723
2018-10-08,home_confort,123.2236875,7.97696,982.9504486901164,0.991694356,-0.371099713,7.539606497037759,929.0581148639505
2018-10-08,home_construction,179.10909161490684,7.3386335,1314.4159865591469,1.587953116,-9.185870999,2.467534934506986,441.95794064759497
2018-10-08,housewares,100.0056035068071,65.69782,6570.150395276066,1.359319731,-37.15599165,52.14835135968641,5215.127349610464
2018-10-08,industry_commerce_and_business,262.48,3.6241682,951.271658000946,1.0,0.0,3.6241682,951.2716691360001
2018-10-08,kitchen_dining_laundry_garden_furniture,136.19035714285715,4.131702,562.6979636687893,0.933184131,-0.126437612,3.7292011284209616,507.8812335371967
2018-10-08,la_cuisine,194.5,1.3860961,269.59569531679153,1.0,0.0,1.3860961,269.59569145
2018-10-08,luggage_accessories,104.1867865497076,12.080966,1258.6770255175,1.668314959,-10.00839392,10.146462376970394,1057.1273099040534
2018-10-08,market_place,121.46208333333333,4.660292,566.0487933097282,0.976038008,-0.034921894,4.513700226378336,548.2434330380509
2018-10-08,music,75.41333333333333,1.5502639,116.91056686401366,1.06535504,0.015980253,1.6675617121950561,125.75638725566982
2018-10-08,musical_instruments,244.7041319444444,10.254737,2509.376491513815,1.173752931,-2.108238692,9.928288918384148,2429.49332146684
2018-10-08,office_furniture,223.5765037593985,11.484605,2567.687796181665,1.248662054,-3.814609055,10.52578141367867,2353.317407805936
2018-10-08,party_supplies,90.47708333333333,0.97771096,88.46043621152639,1.521135304,-1.244604108,0.2426265503637317,21.95214261613855
2018-10-08,perfumery,111.89363508205793,31.447397,3518.7635901641547,1.611758444,-28.04055684,22.64505081657026,2533.8370524839706
2018-10-08,pet_shop,126.49666878128475,26.192411,3313.2527923241523,1.1314917,-3.858346377,25.7781492724887,3260.8500103165197
2018-10-08,security_and_services,141.64499999999998,0.59260523,83.9395682555437,1.0,0.0,0.59260523,83.93956780334999
2018-10-08,signaling_and_security,85.32225,5.1086373,435.8804316784143,1.0,0.0,5.1086373,435.88042886992497
2018-10-08,small_appliances,266.9498125,9.286164,2478.939814391911,1.663408052,-5.260007799,10.186672170792528,2719.3302259920333
2018-10-08,small_appliances_home_oven_and_coffee,222.05276785714284,3.801221,844.0716207179852,1.471651707,-2.331903027,3.262170346334247,724.3739546250138
2018-10-08,sports_leisure,106.1013118608872,55.756485,5915.836201697661,1.494204539,-46.39895546,36.91263750568542,3916.4792635986096
2018-10-08,stationery,89.98196478683735,28.060347,2524.9251199730097,1.515696458,-18.615004,23.915964558150932,2152.005480714787
2018-10-08,tablets_printing_image,63.7,0.74230856,47.285055083036426,1.075698678,-0.193426938,0.6050733986600837,38.543175494647336
2018-10-08,telephony,129.78883224791105,32.319454,4194.704218614278,1.203027526,-14.71821285,24.162979937290807,3136.0849496906767
2018-10-08,toys,103.82085962301588,27.674389,2873.1788436340435,1.656264992,-23.9176635,21.918458175689896,2275.5931694112455
2018-10-08,unknown,123.71496428571427,7.6415825,945.378104714666,1.200083381,-2.598399515,6.5721366477904315,813.0716506622272
2018-10-08,watches_gifts,168.48735467296967,56.979332,9600.296914694469,1.104984685,-10.14921406,52.81207516153042,8898.166838756308
2018-10-15,agro_industry_and_commerce,190.3938888888889,6.1410413,1169.216730905374,1.055311426,-1.803319879,4.677391172427894,890.5466951731063
2018-10-15,air_conditioning,187.4595833333333,4.2369847,794.2633920317888,1.398575767,-2.804590362,3.1211537645697653,585.0901842255129
2018-10-15,art,90.10166666666666,1.0908862,98.29066793859003,3.23e-16,1.0,1.0000000000000004,90.1016666666667
2018-10-15,arts_and_craftmanship,79.02419642857143,2.9811454,235.58261824356657,1.0,0.0,2.9811454,235.58261967173215
2018-10-15,audio,98.51708333333332,7.181422,707.4927726376055,1.528613983,-3.040491666,7.937130421023827,781.9429391155394
2018-10-15,auto,120.09665233501842,44.64198,5361.352257634733,1.36486419,-30.88333913,30.0469007426962,3608.5321922403923
2018-10-15,baby,97.91565425459956,25.038784,2451.6889197530754,1.627824217,-28.39770099,12.361037969432122,1210.339120042893
2018-10-15,bed_bath_table,92.69026163363507,60.92573,5647.222007687379,1.648621278,-72.49775519,27.945699665682938,2590.29421354714
2018-10-15,books_general_interest,45.10036213786215,9.16307,413.25776289363256,1.60413403,-4.419986421,10.2788059852721,463.5778722805967
2018-10-15,books_imported,217.2525,1.3948026,303.02434541344644,1.221053887,-0.544333924,1.1587952123277063,251.75115686622502
2018-10-15,books_technical,49.56099431818183,7.817079,387.4222112357753,1.0,0.0,7.817079,387.4222079037785
2018-10-15,cds_dvds_musicals,65.0,0.8846626,57.50307083129883,1.0,0.0,0.8846626,57.503068999999996
2018-10-15,christmas_supplies,63.98675,3.229126,206.62127658081056,1.369144581,-0.711151196,3.709989168266206,237.39014941255766
2018-10-15,cine_photo,58.63354166666667,1.3135648,77.01895510603985,0.971336135,0.117709988,1.3936229439040482,81.71304894902067
2018-10-15,computers,841.8125,3.0089111,2532.9390029907227,1.010791723,-0.448393813,2.5929886221228258,2182.8102344607714
2018-10-15,computers_accessories,92.6932744216227,45.41536,4209.698380818587,1.539529831,-54.55494378,15.36335772560416,1424.0799336969837
2018-10-15,consoles_games,102.39000892857143,10.653669,1090.829300615975,1.249666223,-3.66165075,9.651879550322187,988.2560333349847
2018-10-15,construction_tools_construction,140.12401357136838,35.531208,4978.775477370077,1.633091277,-32.87222874,25.153477106072614,3524.606167378423
2018-10-15,construction_tools_lights,137.5767781986532,12.364825,1701.112820708019,1.490828475,-7.423103414,11.010729784391874,1514.8207293525852
2018-10-15,construction_tools_safety,153.65541666666667,4.8938513,751.9667575657368,1.031079361,0.193457195,5.2394062662330185,805.0631529239787
2018-10-15,cool_stuff,136.41866979949873,16.825144,2295.263738303001,1.409665544,-13.08549513,10.632330639638338,1450.4484027279157
2018-10-15,costruction_tools_garden,110.5209375,2.4054494,265.8525217370689,0.866058862,-0.3523404,1.730920369962583,191.3029420261115
2018-10-15,costruction_tools_tools,117.264375,3.3254428,389.95597048312425,1.233371316,-0.60688418,3.4946215825187243,409.79461573556915
2018-10-15,diapers_and_hygiene,69.7225,1.0110816,70.49513520687819,-2.77e-16,1.0,0.9999999999999997,69.72249999999997
2018-10-15,drinks,48.84649305555556,4.79788,234.35962053861883,0.594597947,-0.024675755,2.82813384295236,138.14442011995413
2018-10-15,dvds_blu_ray,47.25875,0.8021516,37.90868289001286,0.882436904,-0.129390012,0.5784581624426464,27.337209684336415
2018-10-15,electronics,95.01823675775978,21.689743,2060.921139578986,1.451383932,-15.48145857,15.998685909409476,1520.166925553305
2018-10-15,fashio_female_clothing,36.865,1.1050951,40.73933263421059,1.578645501,-1.000781263,0.7437721447921453,27.419160117762438
2018-10-15,fashion_bags_accessories,64.89250315656565,24.025314,1559.0627860654483,1.498096436,-11.79732521,24.194912067180905,1570.0684076923653
2018-10-15,fashion_childrens_clothes,52.49,0.9738031,51.11492487490177,1.0,0.0,0.9738031,51.114924719
2018-10-15,fashion_male_clothing,106.91,1.427141,152.57563908815382,1.0,0.0,1.427141,152.57564431
2018-10-15,fashion_shoes,173.0,4.372014,756.3584299087524,1.054062513,-0.146669564,4.461706499711183,771.8752244500347
2018-10-15,fashion_sport,77.4,0.7239202,56.03142549991608,4.74e-16,1.0,1.0000000000000004,77.40000000000003
2018-10-15,fashion_underwear_beach,69.9125,1.4405259,100.7107662424445,1.0,0.0,1.4405259,100.71076698374999
2018-10-15,fixed_telephony,265.33458333333334,5.752134,1526.240037381053,0.925749011,0.352734386,5.677766747639473,1506.507874248775
2018-10-15,flowers,44.08625,0.8944984,39.43508043266833,1.0,0.0,0.8944984,39.435080087
2018-10-15,food,69.17852859177859,16.774767,1160.453693133796,1.451413599,-9.694119958,14.653004985856436,1013.6733243695436
2018-10-15,food_drink,43.81729166666667,5.2980895,232.14793308347464,0.91588163,0.268274811,5.120697658145885,224.37510282379523
2018-10-15,furniture_bedroom,167.35,3.7939243,634.9132369041442,1.0,0.0,3.7939243,634.913231605
2018-10-15,furniture_decor,93.39075398844987,45.473167,4246.773391543917,1.438541928,-45.22883424,20.18622308844597,1885.2065944090245
2018-10-15,furniture_living_room,123.72369218200102,11.022511,1363.7456997089737,0.979503647,-1.317336385,9.479253338597616,1172.8082221798568
2018-10-15,furniture_mattress_and_upholstery,114.975,0.5991259,68.88450285047293,-7.99e-16,1.0,0.9999999999999996,114.97499999999994
2018-10-15,garden_tools,112.40679900553376,23.330147,2622.4671209426333,1.443457717,-16.78896243,16.8871182958944,1898.2269120692736
2018-10-15,health_beauty,143.91942701772177,56.43328,8121.845458309218,1.482051688,-70.24837208,13.388665803376654,1926.8891109537335
2018-10-15,home_appliances,87.52751657572024,12.812801,1121.4726835136894,2.142352355,-19.18064435,8.268890046496352,723.7554106075175
2018-10-15,home_appliances_2,530.6721666666667,5.355651,2842.09486796554,0.7853248,-0.007641442,4.198284108444801,2227.9125241106376
2018-10-15,home_comfort_2,12.9,1.1035391,14.235654509067537,1.0,0.0,1.1035391,14.235654390000002
2018-10-15,home_confort,123.2236875,7.9844255,983.8703581919074,0.991694356,-0.371099713,7.547009991252478,929.9704007214731
2018-10-15,home_construction,179.10909161490684,6.7422056,1207.5903240454495,1.587953116,-9.185870999,1.520435392232649,272.32380196194435
2018-10-15,housewares,100.0056035068071,54.039536,5404.256363151247,1.359319731,-37.15599165,36.30101588888481,3630.3050018781196
2018-10-15,industry_commerce_and_business,262.48,3.7828538,992.9234763908388,1.0,0.0,3.7828538,992.923465424
2018-10-15,kitchen_dining_laundry_garden_furniture,136.19035714285715,3.197434,435.45967138920514,0.933184131,-0.126437612,2.8573570567198536,389.14447803934
2018-10-15,la_cuisine,194.5,1.6300719,317.0489803552628,1.0,0.0,1.6300719,317.04898455
2018-10-15,luggage_accessories,104.1867865497076,9.929892,1034.5634951639622,1.668314959,-10.00839392,6.557793444854429,683.2354258761201
2018-10-15,market_place,121.46208333333333,4.587938,557.2604872637987,0.976038008,-0.034921894,4.443079972347504,539.6657498579368
2018-10-15,music,75.41333333333333,1.008978,76.0903949356079,1.06535504,0.015980253,1.09090005054912,82.26840914541096
2018-10-15,musical_instruments,244.7041319444444,11.149723,2728.3833011000684,1.173752931,-2.108238692,10.978781359088114,2686.5531622835047
2018-10-15,office_furniture,223.5765037593985,10.781913,2410.582368478739,1.248662054,-3.814609055,9.6483565776293,2157.1458306503546
2018-10-15,party_supplies,90.47708333333333,1.0810255,97.80803255016605,1.521135304,-1.244604108,0.39978194457425187,36.171104314406634
2018-10-15,perfumery,111.89363508205793,31.35142,3508.024287114439,1.611758444,-28.04055684,22.490359076390476,2516.528031358085
2018-10-15,pet_shop,126.49666878128475,22.83256,2888.24272732496,1.1314917,-3.858346377,21.976505752752,2779.954769175869
2018-10-15,security_and_services,141.64499999999998,0.62175936,88.06910384863613,1.0,0.0,0.62175936,88.06910454719998
2018-10-15,signaling_and_security,85.32225,6.172811,526.6781260188818,1.0,0.0,6.172811,526.67812334475
2018-10-15,small_appliances,266.9498125,10.385404,2772.3815525975824,1.663408052,-5.260007799,12.015156837873008,3207.4438650282923
2018-10-15,small_appliances_home_oven_and_coffee,222.05276785714284,3.6114857,801.9404001316641,1.471651707,-2.331903027,2.9829460682110893,662.371430814854
2018-10-15,sports_leisure,106.1013118608872,44.386383,4709.453471069426,1.494204539,-46.39895546,19.923379488392435,2113.896700420729
2018-10-15,stationery,89.98196478683735,22.156588,1993.693285283385,1.515696458,-18.615004,14.967657952965304,1346.81927086515
2018-10-15,tablets_printing_image,63.7,0.8024472,51.11588662862778,1.075698678,-0.193426938,0.6697644542048016,42.66399573284586
2018-10-15,telephony,129.78883224791105,23.318434,3026.472287767897,1.203027526,-14.71821285,13.334505115214284,1730.6698475074586
2018-10-15,toys,103.82085962301588,23.45406,2435.0206294076274,1.656264992,-23.9176635,14.928474998267522,1549.8871071808346
2018-10-15,unknown,123.71496428571427,7.4766226,924.9700956458024,1.200083381,-2.598399515,6.3741710132690095,788.5803392576107
2018-10-15,watches_gifts,168.48735467296967,49.813602,8392.962103111888,1.104984685,-10.14921406,44.894053254685375,7564.080273429363
2018-10-22,agro_industry_and_commerce,190.3938888888889,6.4449353,1227.0762995563614,1.055311426,-1.803319879,4.9980939829207385,951.6065504404353
2018-10-22,air_conditioning,187.4595833333333,4.094578,767.567846309344,1.398575767,-2.804590362,2.9219872048913267,547.7545039342593
2018-10-22,art,90.10166666666666,0.5491591,49.48015103946129,3.23e-16,1.0,1.0000000000000002,90.10166666666667
2018-10-22,arts_and_craftmanship,79.02419642857143,2.6296675,207.8073626836496,1.0,0.0,2.6296675,207.80736106183036
2018-10-22,audio,98.51708333333332,8.13875,801.8059194954235,1.528613983,-3.040491666,9.400515388141251,926.1113578697938
2018-10-22,auto,120.09665233501842,48.74927,5854.624298049234,1.36486419,-30.88333913,35.65279378164131,4281.781179565883
2018-10-22,baby,97.91565425459956,24.481062,2397.079196254493,1.627824217,-28.39770099,11.453164591478451,1121.4441042602261
2018-10-22,bed_bath_table,92.69026163363507,54.691563,5069.375251420716,1.648621278,-72.49775519,17.667919298877507,1637.6440623349065
2018-10-22,books_general_interest,45.10036213786215,10.725776,483.73636912236094,1.60413403,-4.419986421,12.78559585875728,576.6350033783038
2018-10-22,books_imported,217.2525,1.596795,346.907697673738,1.221053887,-0.544333924,1.405438817492165,305.33509669721656
2018-10-22,books_technical,49.56099431818183,7.7387624,383.5407582801446,1.0,0.0,7.7387624,383.54075933615917
2018-10-22,cds_dvds_musicals,65.0,0.92348945,60.02681434154511,1.0,0.0,0.92348945,60.02681425
2018-10-22,christmas_supplies,63.98675,3.5958173,230.0846643803716,1.369144581,-0.711151196,4.2120425745610515,269.5149152077944
2018-10-22,cine_photo,58.63354166666667,1.0263773,60.18013737492264,0.971336135,0.117709988,1.1146673476337357,65.35689437195546
2018-10-22,computers,841.8125,3.81144,3208.517827421427,1.010791723,-0.448393813,3.4041781917111207,2865.6797540098178
2018-10-22,computers_accessories,92.6932744216227,48.238674,4471.400662002056,1.539529831,-54.55494378,19.7099338508841,1826.9783072720304
2018-10-22,consoles_games,102.39000892857143,9.938766,1017.6302909274698,1.249666223,-3.66165075,8.758489418500817,896.7818097610971
2018-10-22,construction_tools_construction,140.12401357136838,35.004402,4904.957323415791,1.633091277,-32.87222874,24.29315482280135,3404.0543560815695
2018-10-22,construction_tools_lights,137.5767781986532,11.679263,1606.7953910863257,1.490828475,-7.423103414,9.988674433413927,1374.2096470243455
2018-10-22,construction_tools_safety,153.65541666666667,5.6698675,871.2058555487791,1.031079361,0.193457195,6.039540553854667,928.0081202777695
2018-10-22,cool_stuff,136.41866979949873,18.755476,2558.597087093328,1.409665544,-13.08549513,13.353453148518946,1821.6603157508828
2018-10-22,costruction_tools_garden,110.5209375,1.888192,208.6847563870624,0.866058862,-0.3523404,1.2829450147575043,141.79228579195072
2018-10-22,costruction_tools_tools,117.264375,3.2860594,385.33769935905934,1.233371316,-0.60688418,3.446047226632171,404.0985742515049
2018-10-22,diapers_and_hygiene,69.7225,1.0357257,72.21338600903749,-2.77e-16,1.0,0.9999999999999997,69.72249999999997
2018-10-22,drinks,48.84649305555556,5.8568892,286.08849997442627,0.594597947,-0.024675755,3.4578185391264724,168.90230925881252
2018-10-22,dvds_blu_ray,47.25875,1.3335367,63.021279606074096,0.882436904,-0.129390012,1.0473719849183767,49.49749079226133
2018-10-22,electronics,95.01823675775978,25.413805,2414.774941159468,1.451383932,-15.48145857,21.40372965798126,2033.744652141148
2018-10-22,fashio_female_clothing,36.865,0.9693173,35.733882891535764,1.578645501,-1.000781263,0.5294271316864674,19.51733120962162
2018-10-22,fashion_bags_accessories,64.89250315656565,26.612078,1726.9243369944468,1.498096436,-11.79732521,28.070133996354006,1821.5412589636232
2018-10-22,fashion_childrens_clothes,52.49,0.9436462,49.5319886469841,1.0,0.0,0.9436462,49.531989038
2018-10-22,fashion_male_clothing,106.91,1.2543932,134.1071791446209,1.0,0.0,1.2543932,134.107177012
2018-10-22,fashion_shoes,173.0,3.90583,675.7085738182068,1.054062513,-0.146669564,3.97031942115079,686.8652598590867
2018-10-22,fashion_sport,77.4,0.70246303,54.37063858509064,4.74e-16,1.0,1.0000000000000002,77.40000000000002
2018-10-22,fashion_underwear_beach,69.9125,1.6363367,114.4003884360194,1.0,0.0,1.6363367,114.40038953874999
2018-10-22,fixed_telephony,265.33458333333334,8.146962,2161.6708117036023,0.925749011,0.352734386,7.894776400154582,2094.7572066448492
2018-10-22,flowers,44.08625,0.8811194,38.84524884596467,1.0,0.0,0.8811194,38.84525014825
2018-10-22,food,69.17852859177859,16.492117,1140.900382449562,1.451413599,-9.694119958,14.242762932099085,985.2933827241408
2018-10-22,food_drink,43.81729166666667,6.3155375,276.7297465966145,0.91588163,0.268274811,6.052559590826125,265.206768921109
2018-10-22,furniture_bedroom,167.35,3.134065,524.485763156414,1.0,0.0,3.134065,524.48577775
2018-10-22,furniture_decor,93.39075398844987,48.394928,4519.638813130303,1.438541928,-45.22883424,24.38929879054119,2277.7350032982304
2018-10-22,furniture_living_room,123.72369218200102,8.665011,1072.0672039426454,0.979503647,-1.317336385,7.170073490795118,887.1079654974607
2018-10-22,furniture_mattress_and_upholstery,114.975,0.5574581,64.09374535828829,-7.99e-16,1.0,0.9999999999999996,114.97499999999994
2018-10-22,garden_tools,112.40679900553376,23.579857,2650.5362320529475,1.443457717,-16.78896243,17.24756412240647,1938.7434736423993
2018-10-22,health_beauty,143.91942701772177,54.066853,7781.270442465603,1.482051688,-70.24837208,9.881498673497873,1422.1396271661918
2018-10-22,home_appliances,87.52751657572024,14.178996,1241.0523149549938,2.142352355,-19.18064435,11.195761122135576,979.9371671955258
2018-10-22,home_appliances_2,530.6721666666667,6.09758,3235.8159667027794,0.7853248,-0.007641442,4.780939351984,2537.111444619279
2018-10-22,home_comfort_2,12.9,1.1035391,14.235654509067537,1.0,0.0,1.1035391,14.235654390000002
2018-10-22,home_confort,123.2236875,8.60275,1060.062556017816,0.991694356,-0.371099713,8.160198908079002,1005.5298001869681
2018-10-22,home_construction,179.10909161490684,6.5768127,1177.96695632437,1.587953116,-9.185870999,1.2577992213133715,225.28327596337516
2018-10-22,housewares,100.0056035068071,53.30143,5330.44164977794,1.359319731,-37.15599165,35.29769383951534,3529.9671748192386
2018-10-22,industry_commerce_and_business,262.48,3.2657242,857.1872833251954,1.0,0.0,3.2657242,857.1872880160001
2018-10-22,kitchen_dining_laundry_garden_furniture,136.19035714285715,4.5309715,617.0746304798126,0.933184131,-0.126437612,4.101793089813266,558.6246658277722
2018-10-22,la_cuisine,194.5,1.054878,205.17377030849457,1.0,0.0,1.054878,205.173771
2018-10-22,luggage_accessories,104.1867865497076,11.336691,1181.1333952606549,1.668314959,-10.00839392,8.90477726086067,927.7601277499805
2018-10-22,market_place,121.46208333333333,6.406558,778.153886146148,0.976038008,-0.034921894,6.218122214456464,755.2660785891622
2018-10-22,music,75.41333333333333,1.598048,120.51412437438964,1.06535504,0.015980253,1.71846874396192,129.5954562113149
2018-10-22,musical_instruments,244.7041319444444,10.433732,2553.1773400213647,1.173752931,-2.108238692,10.138384824268492,2480.90465774135
2018-10-22,office_furniture,223.5765037593985,11.636715,2601.6960404797605,1.248662054,-3.814609055,10.71571539871261,2395.7821841249142
2018-10-22,party_supplies,90.47708333333333,0.91576374,82.85563183501363,1.521135304,-1.244604108,0.14839644703707688,13.42647770494419
2018-10-22,perfumery,111.89363508205793,23.832838,2666.742884684412,1.611758444,-28.04055684,10.372221050984066,1160.5855172692504
2018-10-22,pet_shop,126.49666878128475,21.636297,2736.919523844699,1.1314917,-3.858346377,20.6229440972349,2608.7337287628748
2018-10-22,security_and_services,141.64499999999998,1.1540903,163.47111846148965,1.0,0.0,1.1540903,163.47112054349998
2018-10-22,signaling_and_security,85.32225,6.09764,520.2643676927089,1.0,0.0,6.09764,520.26436449
2018-10-22,small_appliances,266.9498125,9.549155,2549.1451995942,1.663408052,-5.260007799,10.624133517796063,2836.1104505506246
2018-10-22,small_appliances_home_oven_and_coffee,222.05276785714284,3.018487,670.2633878999948,1.471651707,-2.331903027,2.110258519107308,468.5887450618931
2018-10-22,sports_leisure,106.1013118608872,44.35786,4706.4271973085015,1.494204539,-46.39895546,19.88076029232655,2109.374747807682
2018-10-22,stationery,89.98196478683735,24.314674,2187.882173634349,1.515696458,-18.615004,18.238661259224692,1641.150575186611
2018-10-22,tablets_printing_image,63.7,0.8203702,52.25758156776429,1.075698678,-0.193426938,0.6890442016105957,43.892115642594945
2018-10-22,telephony,129.78883224791105,25.995558,3373.9330885526792,1.203027526,-14.71821285,16.55515897772951,2148.6747513980335
2018-10-22,toys,103.82085962301588,25.336485,2630.455643083931,1.656264992,-23.9176635,18.046269625833123,1873.579225542716
2018-10-22,unknown,123.71496428571427,7.3954787,914.9313863927466,1.200083381,-2.598399515,6.276791567409484,776.5330445909368
2018-10-22,watches_gifts,168.48735467296967,46.903008,7902.563661115495,1.104984685,-10.14921406,41.677891460432484,7022.197680515422
2018-10-29,agro_industry_and_commerce,190.3938888888889,5.8794127,1119.4042390182285,1.055311426,-1.803319879,4.40129152147951,837.9790089081786
2018-10-29,air_conditioning,187.4595833333333,3.2387145,607.1280625620485,1.398575767,-2.804590362,1.7249972539315221,323.3672664731473
2018-10-29,art,90.10166666666666,0.46947077,42.30009875322381,3.23e-16,1.0,1.0000000000000002,90.10166666666667
2018-10-29,arts_and_craftmanship,79.02419642857143,3.2021704,253.0489404754128,1.0,0.0,3.2021704,253.04894268735714
2018-10-29,audio,98.51708333333332,7.591796,747.9215914309024,1.528613983,-3.040491666,8.56443385568347,843.7430438631895
2018-10-29,auto,120.09665233501842,46.208878,5549.531503532277,1.36486419,-30.88333913,32.185503712278816,3865.371249560994
2018-10-29,baby,97.91565425459956,24.629513,2411.614858497935,1.627824217,-28.39770099,11.694816724316315,1145.1056309490648
2018-10-29,bed_bath_table,92.69026163363507,59.19952,5487.219007682016,1.648621278,-72.49775519,25.099833129386553,2326.510099723421
2018-10-29,books_general_interest,45.10036213786215,10.366618,467.53823300007,1.60413403,-4.419986421,12.209458288810541,550.6509903324782
2018-10-29,books_imported,217.2525,1.3416864,291.4847176614404,1.221053887,-0.544333924,1.0939374698550368,237.6606501696814
2018-10-29,books_technical,49.56099431818183,7.4577727,369.6146319860898,1.0,0.0,7.4577727,369.61463041099154
2018-10-29,cds_dvds_musicals,65.0,0.8914324,57.94310629367829,1.0,0.0,0.8914324,57.943106
2018-10-29,christmas_supplies,63.98675,3.296997,210.9641272888184,1.369144581,-0.711151196,3.802914380123257,243.33613171235183
2018-10-29,cine_photo,58.63354166666667,0.65324575,38.30211173053832,0.971336135,0.117709988,0.7522311900101762,44.10597882242792
2018-10-29,computers,841.8125,3.7500975,3156.878962829709,1.010791723,-0.448393813,3.342173700442993,2813.483598204167
2018-10-29,computers_accessories,92.6932744216227,40.624973,3765.661798200959,1.539529831,-54.55494378,7.98841403706956,740.4722545316316
2018-10-29,consoles_games,102.39000892857143,7.1975856,736.9608520802047,1.249666223,-3.66165075,5.3329288614711885,546.0386337414712
2018-10-29,construction_tools_construction,140.12401357136838,35.366714,4955.725979425394,1.633091277,-32.87222874,24.88484338955378,3486.9641328392104
2018-10-29,construction_tools_lights,137.5767781986532,11.146101,1533.4446647712878,1.490828475,-7.423103414,9.193821342025977,1264.856319569952
2018-10-29,construction_tools_safety,153.65541666666667,5.639715,866.5727881232898,1.031079361,0.193457195,6.008450933422115,923.2310316961973
2018-10-29,cool_stuff,136.41866979949873,15.813207,2157.216619549988,1.409665544,-13.08549513,9.205837918039611,1255.8481631687505
2018-10-29,costruction_tools_garden,110.5209375,2.4485245,270.6132204794884,0.866058862,-0.3523404,1.7682259420491189,195.4259888270893
2018-10-29,costruction_tools_tools,117.264375,3.977076,466.3693377551437,1.233371316,-0.60688418,4.298327279952016,504.04066202902317
2018-10-29,diapers_and_hygiene,69.7225,1.1261997,78.52146013736724,-2.77e-16,1.0,0.9999999999999997,69.72249999999997
2018-10-29,drinks,48.84649305555556,5.3990765,263.725950897336,0.594597947,-0.024675755,3.185604047595945,155.60558598864503
2018-10-29,dvds_blu_ray,47.25875,1.3337177,63.02983153536916,0.882436904,-0.129390012,1.0475317059980007,49.505039010833016
2018-10-29,electronics,95.01823675775978,28.889235,2745.004127542658,1.451383932,-15.48145857,26.44791291677202,2513.034051274457
2018-10-29,fashio_female_clothing,36.865,0.85549206,31.53771462291479,1.578645501,-1.000781263,0.34973742866022217,12.893070307559091
2018-10-29,fashion_bags_accessories,64.89250315656565,24.352102,1580.2688740520464,1.498096436,-11.79732521,24.684472005308468,1601.8371775226362
2018-10-29,fashion_childrens_clothes,52.49,0.87198687,45.77059059619903,1.0,0.0,0.87198687,45.7705908063
2018-10-29,fashion_male_clothing,106.91,1.0982969,117.41891951799391,1.0,0.0,1.0982969,117.418921579
2018-10-29,fashion_shoes,173.0,3.969087,686.6520311832428,1.054062513,-0.146669564,4.036996253535632,698.4003518616643
2018-10-29,fashion_sport,77.4,0.7388121,57.184055685997016,4.74e-16,1.0,1.0000000000000004,77.40000000000003
2018-10-29,fashion_underwear_beach,69.9125,1.7126011,119.73222200125456,1.0,0.0,1.7126011,119.73222440375
2018-10-29,fixed_telephony,265.33458333333334,8.11416,2152.9671523328625,0.925749011,0.352734386,7.8644099810957595,2086.699945496551
2018-10-29,flowers,44.08625,0.84180707,37.112116824910046,1.0,0.0,0.84180707,37.1121169397875
2018-10-29,food,69.17852859177859,15.479381,1070.840773946224,1.451413599,-9.694119958,12.772864129502222,883.6079463816726
2018-10-29,food_drink,43.81729166666667,5.5782185,244.42242524584137,0.91588163,0.268274811,5.377262663276156,235.61708648504813
2018-10-29,furniture_bedroom,167.35,2.86473,479.412545633316,1.0,0.0,2.86473,479.4125655
2018-10-29,furniture_decor,93.39075398844987,48.910175,4567.758151167664,1.438541928,-45.22883424,25.130503203317403,2346.9566422669673
2018-10-29,furniture_living_room,123.72369218200102,10.1210575,1252.214603970087,0.979503647,-1.317336385,8.596276347746702,1063.563048760029
2018-10-29,furniture_mattress_and_upholstery,114.975,0.7977125,91.7169952467084,-7.99e-16,1.0,0.9999999999999993,114.97499999999992
2018-10-29,garden_tools,112.40679900553376,22.68372,2549.8043137104223,1.443457717,-16.78896243,15.95402825426724,1793.3412473060241
2018-10-29,health_beauty,143.91942701772177,49.015385,7054.266077345702,1.482051688,-70.24837208,2.3949619972198946,344.6815583691058
2018-10-29,home_appliances,87.52751657572024,12.971441,1135.3580406764556,2.142352355,-19.18064435,8.608752824093553,753.502755507127
2018-10-29,home_appliances_2,530.6721666666667,7.0367336,3734.1986802657448,0.7853248,-0.007641442,5.51847996507328,2928.503719772029
2018-10-29,home_comfort_2,12.9,1.0683414,13.781603729724884,1.0,0.0,1.0683414,13.781604060000001
2018-10-29,home_confort,123.2236875,8.728436,1075.550127946794,0.991694356,-0.371099713,8.284841004907216,1020.8886589758728
2018-10-29,home_construction,179.10909161490684,6.8053617,1218.9021607488503,1.587953116,-9.185870999,1.6207243180220559,290.2864603591198
2018-10-29,housewares,100.0056035068071,54.675983,5467.9047201408375,1.359319731,-37.15599165,37.16615085372059,3716.8233461513614
2018-10-29,industry_commerce_and_business,262.48,3.7181194,975.9319756126404,1.0,0.0,3.7181194,975.931980112
2018-10-29,kitchen_dining_laundry_garden_furniture,136.19035714285715,5.103089,694.991493795429,0.933184131,-0.126437612,4.635684061880658,631.3354679889776
2018-10-29,la_cuisine,194.5,1.2359906,240.4001801609993,1.0,0.0,1.2359906,240.40017170000002
2018-10-29,luggage_accessories,104.1867865497076,9.735693,1014.330566202504,1.668314959,-10.00839392,6.233808348131586,649.4804597585709
2018-10-29,market_place,121.46208333333333,5.9846296,726.9055829648177,0.976038008,-0.034921894,5.806304059401836,705.2457875217374
2018-10-29,music,75.41333333333333,0.9015521,67.989047609965,1.06535504,0.015980253,0.9764533265575841,73.63760020012927
2018-10-29,musical_instruments,244.7041319444444,12.4801655,3053.9480606899656,1.173752931,-2.108238692,12.54039214299008,3068.6857735933186
2018-10-29,office_furniture,223.5765037593985,12.023117,2688.086477778729,1.248662054,-3.814609055,11.198200913702317,2503.6546086808657
2018-10-29,party_supplies,90.47708333333333,0.9280819,83.9701460921516,1.521135304,-1.244604108,0.16713403509339742,15.121800020981574
2018-10-29,perfumery,111.89363508205793,24.965925,2793.5281256805583,1.611758444,-28.04055684,12.198483591020697,1364.9326714881413
2018-10-29,pet_shop,126.49666878128475,22.51668,2848.2849821349,1.1314917,-3.858346377,21.619090154556,2734.742886633605
2018-10-29,security_and_services,141.64499999999998,1.010381,143.11541438698768,1.0,0.0,1.010381,143.11541674499998
2018-10-29,signaling_and_security,85.32225,6.2088494,529.7530032860041,1.0,0.0,6.2088494,529.75300071915
2018-10-29,small_appliances,266.9498125,8.950238,2389.264416753352,1.663408052,-5.260007799,9.627890157516378,2570.1634723195925
2018-10-29,small_appliances_home_oven_and_coffee,222.05276785714284,2.947977,654.6064670935698,1.471651707,-2.331903027,2.0064923572467386,445.54718161084133
2018-10-29,sports_leisure,106.1013118608872,43.418705,4606.781558376162,1.494204539,-46.39895546,18.477470628501997,1960.4838735550736
2018-10-29,stationery,89.98196478683735,25.94038,2334.16636839464,1.515696458,-18.615004,20.702738085174047,1862.8730493712476
2018-10-29,tablets_printing_image,63.7,0.8989688,57.26431356668473,1.075698678,-0.193426938,0.7735926117232463,49.277849366770795
2018-10-29,telephony,129.78883224791105,24.967037,3240.4426029985643,1.203027526,-14.71821285,15.317819903660464,1988.081957879901
2018-10-29,toys,103.82085962301588,23.835073,2474.577816944159,1.656264992,-23.9176635,15.559533491664421,1615.404142437706
2018-10-29,unknown,123.71496428571427,8.597445,1063.6325435095514,1.200083381,-2.598399515,7.719251348561546,954.9869048997434
2018-10-29,watches_gifts,168.48735467296967,46.661854,7861.9323092617,1.104984685,-10.14921406,41.41141998370599,6977.300606305975
