order_week,product_category_name_english,avg_price,planned_price,price_for_revenue,units_base,units_cal,revenue_base_price,revenue_cal_price
2018-09-10,agro_industry_and_commerce,190.3938888888889,190.3938888888889,190.3938888888889,4.6435666,4.6435666,884.1067032885557,884.1067032885557
2018-09-17,agro_industry_and_commerce,190.3938888888889,190.3938888888889,190.3938888888889,2.1783803,2.1783803,414.7502967959445,414.7502967959445
2018-09-24,agro_industry_and_commerce,190.3938888888889,190.3938888888889,190.3938888888889,5.559115,5.559115,1058.4215236305556,1058.4215236305556
2018-10-01,agro_industry_and_commerce,190.3938888888889,190.3938888888889,190.3938888888889,6.065044,6.065044,1154.7473134422223,1154.7473134422223
2018-10-08,agro_industry_and_commerce,190.3938888888889,190.3938888888889,190.3938888888889,4.022001,4.022001,765.7644115050001,765.7644115050001
2018-10-15,agro_industry_and_commerce,190.3938888888889,190.3938888888889,190.3938888888889,6.1410413,6.1410413,1169.216734934278,1169.216734934278
2018-10-22,agro_industry_and_commerce,190.3938888888889,190.3938888888889,190.3938888888889,6.4449353,6.4449353,1227.076295404278,1227.076295404278
2018-10-29,agro_industry_and_commerce,190.3938888888889,190.3938888888889,190.3938888888889,5.8794127,5.8794127,1119.4042483357223,1119.4042483357223
2018-09-10,air_conditioning,187.4595833333333,187.4595833333333,187.4595833333333,4.060851,4.060851,761.24543643875,761.24543643875
2018-09-17,air_conditioning,187.4595833333333,187.4595833333333,187.4595833333333,4.1824055,4.1824055,784.0319923610415,784.0319923610415
2018-09-24,air_conditioning,187.4595833333333,187.4595833333333,187.4595833333333,3.8991337,3.8991337,730.9299787629583,730.9299787629583
2018-10-01,air_conditioning,187.4595833333333,187.4595833333333,187.4595833333333,3.4179597,3.4179597,640.7293012121249,640.7293012121249
2018-10-08,air_conditioning,187.4595833333333,187.4595833333333,187.4595833333333,4.322938,4.322938,810.3761562558332,810.3761562558332
2018-10-15,air_conditioning,187.4595833333333,187.4595833333333,187.4595833333333,4.2369847,4.2369847,794.2633864517082,794.2633864517082
2018-10-22,air_conditioning,187.4595833333333,187.4595833333333,187.4595833333333,4.094578,4.094578,767.5678858058333,767.5678858058333
2018-10-29,air_conditioning,187.4595833333333,187.4595833333333,187.4595833333333,3.2387145,3.2387145,607.128070705625,607.128070705625
2018-09-10,art,90.10166666666666,90.10166666666666,90.10166666666666,0.8411718,0.8411718,75.790981133,75.790981133
2018-09-17,art,90.10166666666666,90.10166666666666,90.10166666666666,1.2425166,1.2425166,111.952816521,111.952816521
2018-09-24,art,90.10166666666666,90.10166666666666,90.10166666666666,0.79011154,0.79011154,71.19036660656666,71.19036660656666
2018-10-01,art,90.10166666666666,90.10166666666666,90.10166666666666,0.78080225,0.78080225,70.35158406208333,70.35158406208333
2018-10-08,art,90.10166666666666,90.10166666666666,90.10166666666666,0.48767152,0.48767152,43.940016737866664,43.940016737866664
2018-10-15,art,90.10166666666666,90.10166666666666,90.10166666666666,1.0908862,1.0908862,98.29066476366665,98.29066476366665
2018-10-22,art,90.10166666666666,90.10166666666666,90.10166666666666,0.5491591,0.5491591,49.48015017516666,49.48015017516666
2018-10-29,art,90.10166666666666,90.10166666666666,90.10166666666666,0.46947077,0.46947077,42.300098828283325,42.300098828283325
2018-09-10,arts_and_craftmanship,79.02419642857143,79.02419642857143,79.02419642857143,2.3073778,2.3073778,182.338676502125,182.338676502125
2018-09-17,arts_and_craftmanship,79.02419642857143,79.02419642857143,79.02419642857143,2.882398,2.882398,227.77918573732143,227.77918573732143
2018-09-24,arts_and_craftmanship,79.02419642857143,79.02419642857143,79.02419642857143,3.2807877,3.2807877,259.2616116452411,259.2616116452411
2018-10-01,arts_and_craftmanship,79.02419642857143,79.02419642857143,79.02419642857143,3.3794618,3.3794618,267.0592531060536,267.0592531060536
2018-10-08,arts_and_craftmanship,79.02419642857143,79.02419642857143,79.02419642857143,3.1352177,3.1352177,247.75805937113392,247.75805937113392
2018-10-15,arts_and_craftmanship,79.02419642857143,79.02419642857143,79.02419642857143,2.9811454,2.9811454,235.58261967173215,235.58261967173215
2018-10-22,arts_and_craftmanship,79.02419642857143,79.02419642857143,79.02419642857143,2.6296675,2.6296675,207.80736106183036,207.80736106183036
2018-10-29,arts_and_craftmanship,79.02419642857143,79.02419642857143,79.02419642857143,3.2021704,3.2021704,253.04894268735714,253.04894268735714
2018-09-10,audio,98.51708333333332,71.62333333333332,71.62333333333332,7.8940816,7.8940816,565.4004377973332,565.4004377973332
2018-09-17,audio,98.51708333333332,71.62333333333332,71.62333333333332,7.9831114,7.9831114,571.7770488393332,571.7770488393332
2018-09-24,audio,98.51708333333332,71.62333333333332,71.62333333333332,7.8823447,7.8823447,564.5598018963333,564.5598018963333
2018-10-01,audio,98.51708333333332,71.62333333333332,71.62333333333332,7.752148,7.752148,555.2346802533332,555.2346802533332
2018-10-08,audio,98.51708333333332,71.62333333333332,71.62333333333332,8.140183,8.140183,583.0270404033332,583.0270404033332
2018-10-15,audio,98.51708333333332,71.62333333333332,71.62333333333332,7.181422,7.181422,514.3573817133333,514.3573817133333
2018-10-22,audio,98.51708333333332,71.62333333333332,71.62333333333332,8.13875,8.13875,582.9244041666666,582.9244041666666
2018-10-29,audio,98.51708333333332,71.62333333333332,71.62333333333332,7.591796,7.591796,543.7497355066666,543.7497355066666
2018-09-10,auto,120.09665233501842,113.60927859764467,113.60927859764467,70.621895,70.621895,8023.302544148609,8023.302544148609
2018-09-17,auto,120.09665233501842,113.60927859764467,113.60927859764467,62.455097,62.455097,7095.4785149159225,7095.4785149159225
2018-09-24,auto,120.09665233501842,113.60927859764467,113.60927859764467,51.030334,51.030334,5797.51943233686,5797.51943233686
2018-10-01,auto,120.09665233501842,113.60927859764467,113.60927859764467,57.141945,57.141945,6491.855149116289,6491.855149116289
2018-10-08,auto,120.09665233501842,113.60927859764467,113.60927859764467,50.803005,50.803005,5771.692748642536,5771.692748642536
2018-10-15,auto,120.09665233501842,113.60927859764467,113.60927859764467,44.64198,44.64198,5071.743142970481,5071.743142970481
2018-10-22,auto,120.09665233501842,113.60927859764467,113.60927859764467,48.74927,48.74927,5538.369396861802,5538.369396861802
2018-10-29,auto,120.09665233501842,113.60927859764467,113.60927859764467,46.208878,46.208878,5249.757294386573,5249.757294386573
2018-09-10,baby,97.91565425459956,99.84017806412338,99.84017806412338,42.17099,42.17099,4210.359150740367,4210.359150740367
2018-09-17,baby,97.91565425459956,99.84017806412338,99.84017806412338,35.36875,35.36875,3531.2222979054636,3531.2222979054636
2018-09-24,baby,97.91565425459956,99.84017806412338,99.84017806412338,27.425243,27.425243,2738.141144571853,2738.141144571853
2018-10-01,baby,97.91565425459956,99.84017806412338,99.84017806412338,30.12495,30.12495,3007.6803721728133,3007.6803721728133
2018-10-08,baby,97.91565425459956,99.84017806412338,99.84017806412338,27.228846,27.228846,2718.5328331205938,2718.5328331205938
2018-10-15,baby,97.91565425459956,99.84017806412338,99.84017806412338,25.038784,25.038784,2499.876653069123,2499.876653069123
2018-10-22,baby,97.91565425459956,99.84017806412338,99.84017806412338,24.481062,24.481062,2444.1935892788447,2444.1935892788447
2018-10-29,baby,97.91565425459956,99.84017806412338,99.84017806412338,24.629513,24.629513,2459.0149635526413,2459.0149635526413
2018-09-10,bed_bath_table,92.69026163363507,98.69128085255414,98.69128085255414,95.272705,95.272705,9402.58528673754,9402.58528673754
2018-09-17,bed_bath_table,92.69026163363507,98.69128085255414,98.69128085255414,91.99988,91.99988,9079.585995481279,9079.585995481279
2018-09-24,bed_bath_table,92.69026163363507,98.69128085255414,98.69128085255414,72.42773,72.42773,7147.985442942961,7147.985442942961
2018-10-01,bed_bath_table,92.69026163363507,98.69128085255414,98.69128085255414,74.76215,74.76215,7378.372342790782,7378.372342790782
2018-10-08,bed_bath_table,92.69026163363507,98.69128085255414,98.69128085255414,69.21851,69.21851,6831.263410605327,6831.263410605327
2018-10-15,bed_bath_table,92.69026163363507,98.69128085255414,98.69128085255414,60.92573,60.92573,6012.838330576884,6012.838330576884
2018-10-22,bed_bath_table,92.69026163363507,98.69128085255414,98.69128085255414,54.691563,54.691563,5397.580404298159,5397.580404298159
2018-10-29,bed_bath_table,92.69026163363507,98.69128085255414,98.69128085255414,59.19952,59.19952,5842.476454656396,5842.476454656396
2018-09-10,books_general_interest,45.10036213786215,37.23354395604396,37.23354395604396,10.823036,10.823036,402.9799866438462,402.9799866438462
2018-09-17,books_general_interest,45.10036213786215,37.23354395604396,37.23354395604396,9.238008,9.238008,343.96377693428576,343.96377693428576
2018-09-24,books_general_interest,45.10036213786215,37.23354395604396,37.23354395604396,9.693829,9.693829,360.9356081738736,360.9356081738736
2018-10-01,books_general_interest,45.10036213786215,37.23354395604396,37.23354395604396,9.102921,9.102921,338.93400918189565,338.93400918189565
2018-10-08,books_general_interest,45.10036213786215,37.23354395604396,37.23354395604396,9.180376,9.180376,341.81793332901105,341.81793332901105
2018-10-15,books_general_interest,45.10036213786215,37.23354395604396,37.23354395604396,9.16307,9.16307,341.1735696173077,341.1735696173077
2018-10-22,books_general_interest,45.10036213786215,37.23354395604396,37.23354395604396,10.725776,10.725776,399.35865215868137,399.35865215868137
2018-10-29,books_general_interest,45.10036213786215,37.23354395604396,37.23354395604396,10.366618,10.366618,385.98592697851655,385.98592697851655
2018-09-10,books_imported,217.2525,217.2525,217.2525,0.6800712,0.6800712,147.747168378,147.747168378
2018-09-17,books_imported,217.2525,217.2525,217.2525,1.27778,1.27778,277.60089945,277.60089945
2018-09-24,books_imported,217.2525,217.2525,217.2525,1.5112832,1.5112832,328.330053408,328.330053408
2018-10-01,books_imported,217.2525,217.2525,217.2525,1.4407176,1.4407176,312.999500394,312.999500394
2018-10-08,books_imported,217.2525,217.2525,217.2525,1.3925937,1.3925937,302.54446280925,302.54446280925
2018-10-15,books_imported,217.2525,217.2525,217.2525,1.3948026,1.3948026,303.0243518565,303.0243518565
2018-10-22,books_imported,217.2525,217.2525,217.2525,1.596795,1.596795,346.9077057375,346.9077057375
2018-10-29,books_imported,217.2525,217.2525,217.2525,1.3416864,1.3416864,291.484724616,291.484724616
2018-09-10,books_technical,49.56099431818183,49.56099431818183,49.56099431818183,8.5099125,8.5099125,421.7597250607245,421.7597250607245
2018-09-17,books_technical,49.56099431818183,49.56099431818183,49.56099431818183,8.287629,8.287629,410.74313378019895,410.74313378019895
2018-09-24,books_technical,49.56099431818183,49.56099431818183,49.56099431818183,7.2281976,7.2281976,358.2366601842955,358.2366601842955
2018-10-01,books_technical,49.56099431818183,49.56099431818183,49.56099431818183,8.203851,8.203851,406.59101279821033,406.59101279821033
2018-10-08,books_technical,49.56099431818183,49.56099431818183,49.56099431818183,6.7149343,6.7149343,332.7988206892643,332.7988206892643
2018-10-15,books_technical,49.56099431818183,49.56099431818183,49.56099431818183,7.817079,7.817079,387.4222079037785,387.4222079037785
2018-10-22,books_technical,49.56099431818183,49.56099431818183,49.56099431818183,7.7387624,7.7387624,383.54075933615917,383.54075933615917
2018-10-29,books_technical,49.56099431818183,49.56099431818183,49.56099431818183,7.4577727,7.4577727,369.61463041099154,369.61463041099154
2018-09-10,cds_dvds_musicals,65.0,65.0,65.0,0.871509,0.871509,56.648085,56.648085
2018-09-17,cds_dvds_musicals,65.0,65.0,65.0,0.78034616,0.78034616,50.7225004,50.7225004
2018-09-24,cds_dvds_musicals,65.0,65.0,65.0,1.0161896,1.0161896,66.052324,66.052324
2018-10-01,cds_dvds_musicals,65.0,65.0,65.0,0.9802154,0.9802154,63.714000999999996,63.714000999999996
2018-10-08,cds_dvds_musicals,65.0,65.0,65.0,0.9320928,0.9320928,60.586032,60.586032
2018-10-15,cds_dvds_musicals,65.0,65.0,65.0,0.8846626,0.8846626,57.503068999999996,57.503068999999996
2018-10-22,cds_dvds_musicals,65.0,65.0,65.0,0.92348945,0.92348945,60.02681425,60.02681425
2018-10-29,cds_dvds_musicals,65.0,65.0,65.0,0.8914324,0.8914324,57.943106,57.943106
2018-09-10,christmas_supplies,63.98675,63.98675,63.98675,3.0118275,3.0118275,192.71705328562498,192.71705328562498
2018-09-17,christmas_supplies,63.98675,63.98675,63.98675,3.3498473,3.3498473,214.345841723275,214.345841723275
2018-09-24,christmas_supplies,63.98675,63.98675,63.98675,3.122189,3.122189,199.77872699575002,199.77872699575002
2018-10-01,christmas_supplies,63.98675,63.98675,63.98675,3.252979,3.252979,208.14755402825,208.14755402825
2018-10-08,christmas_supplies,63.98675,63.98675,63.98675,2.762923,2.762923,176.79046327025,176.79046327025
2018-10-15,christmas_supplies,63.98675,63.98675,63.98675,3.229126,3.229126,206.6212780805,206.6212780805
2018-10-22,christmas_supplies,63.98675,63.98675,63.98675,3.5958173,3.5958173,230.08466262077502,230.08466262077502
2018-10-29,christmas_supplies,63.98675,63.98675,63.98675,3.296997,3.296997,210.96412278975,210.96412278975
2018-09-10,cine_photo,58.63354166666667,58.63354166666667,58.63354166666667,2.1334045,2.1334045,125.0890616426042,125.0890616426042
2018-09-17,cine_photo,58.63354166666667,58.63354166666667,58.63354166666667,2.0809603,2.0809603,122.01407245672918,122.01407245672918
2018-09-24,cine_photo,58.63354166666667,58.63354166666667,58.63354166666667,1.9550515,1.9550515,114.63159358572918,114.63159358572918
2018-10-01,cine_photo,58.63354166666667,58.63354166666667,58.63354166666667,1.3979775,1.3979775,81.96837199531251,81.96837199531251
2018-10-08,cine_photo,58.63354166666667,58.63354166666667,58.63354166666667,1.3700088,1.3700088,80.32846805850001,80.32846805850001
2018-10-15,cine_photo,58.63354166666667,58.63354166666667,58.63354166666667,1.3135648,1.3135648,77.01895643266667,77.01895643266667
2018-10-22,cine_photo,58.63354166666667,58.63354166666667,58.63354166666667,1.0263773,1.0263773,60.18013618527084,60.18013618527084
2018-10-29,cine_photo,58.63354166666667,58.63354166666667,58.63354166666667,0.65324575,0.65324575,38.30211190119792,38.30211190119792
2018-09-10,computers,841.8125,925.99375,925.99375,4.134701,4.134701,3828.7072841187496,3828.7072841187496
2018-09-17,computers,841.8125,925.99375,925.99375,2.5314174,2.5314174,2344.07669104125,2344.07669104125
2018-09-24,computers,841.8125,925.99375,925.99375,3.1007283,3.1007283,2871.255026248125,2871.255026248125
2018-10-01,computers,841.8125,925.99375,925.99375,4.444777,4.444777,4115.83572214375,4115.83572214375
2018-10-08,computers,841.8125,925.99375,925.99375,3.117606,3.117606,2886.8836709624998,2886.8836709624998
2018-10-15,computers,841.8125,925.99375,925.99375,3.0089111,3.0089111,2786.2328729056253,2786.2328729056253
2018-10-22,computers,841.8125,925.99375,925.99375,3.81144,3.81144,3529.3696185,3529.3696185
2018-10-29,computers,841.8125,925.99375,925.99375,3.7500975,3.7500975,3472.5668468906247,3472.5668468906247
2018-09-10,computers_accessories,92.6932744216227,85.51796961177931,85.51796961177931,69.34762,69.34762,5930.467659809219,5930.467659809219
2018-09-17,computers_accessories,92.6932744216227,85.51796961177931,85.51796961177931,69.14985,69.14985,5913.554770959097,5913.554770959097
2018-09-24,computers_accessories,92.6932744216227,85.51796961177931,85.51796961177931,50.562695,50.562695,4324.019014499665,4324.019014499665
2018-10-01,computers_accessories,92.6932744216227,85.51796961177931,85.51796961177931,59.775547,59.775547,5111.883411873486,5111.883411873486
2018-10-08,computers_accessories,92.6932744216227,85.51796961177931,85.51796961177931,52.338676,52.338676,4475.897303688763,4475.897303688763
2018-10-15,computers_accessories,92.6932744216227,85.51796961177931,85.51796961177931,45.41536,45.41536,3883.8293763880174,3883.8293763880174
2018-10-22,computers_accessories,92.6932744216227,85.51796961177931,85.51796961177931,48.238674,48.238674,4125.273457244529,4125.273457244529
2018-10-29,computers_accessories,92.6932744216227,85.51796961177931,85.51796961177931,40.624973,40.624973,3474.1652064933546,3474.1652064933546
2018-09-10,consoles_games,102.39000892857143,72.20782142857144,72.20782142857144,16.469013,16.469013,1189.1915498088215,1189.1915498088215
2018-09-17,consoles_games,102.39000892857143,72.20782142857144,72.20782142857144,13.827107,13.827107,998.42527312975,998.42527312975
2018-09-24,consoles_games,102.39000892857143,72.20782142857144,72.20782142857144,12.06867,12.06867,871.4523682403571,871.4523682403571
2018-10-01,consoles_games,102.39000892857143,72.20782142857144,72.20782142857144,12.519795,12.519795,904.0271216823215,904.0271216823215
2018-10-08,consoles_games,102.39000892857143,72.20782142857144,72.20782142857144,10.119255,10.119255,730.6893580301787,730.6893580301787
2018-10-15,consoles_games,102.39000892857143,72.20782142857144,72.20782142857144,10.653669,10.653669,769.2782287111073,769.2782287111073
2018-10-22,consoles_games,102.39000892857143,72.20782142857144,72.20782142857144,9.938766,9.938766,717.6566405483571,717.6566405483571
2018-10-29,consoles_games,102.39000892857143,72.20782142857144,72.20782142857144,7.1975856,7.1975856,519.7219757216571,519.7219757216571
2018-09-10,construction_tools_construction,140.12401357136838,124.32210567663154,124.32210567663154,28.901953,28.901953,3593.151655127038,3593.151655127038
2018-09-17,construction_tools_construction,140.12401357136838,124.32210567663154,124.32210567663154,37.461353,37.461353,4657.2742864555985,4657.2742864555985
2018-09-24,construction_tools_construction,140.12401357136838,124.32210567663154,124.32210567663154,39.38622,39.38622,4896.577805043059,4896.577805043059
2018-10-01,construction_tools_construction,140.12401357136838,124.32210567663154,124.32210567663154,34.66541,34.66541,4309.67676534376,4309.67676534376
2018-10-08,construction_tools_construction,140.12401357136838,124.32210567663154,124.32210567663154,35.132687,35.132687,4367.769625918018,4367.769625918018
2018-10-15,construction_tools_construction,140.12401357136838,124.32210567663154,124.32210567663154,35.531208,35.531208,4417.314595794376,4417.314595794376
2018-10-22,construction_tools_construction,140.12401357136838,124.32210567663154,124.32210567663154,35.004402,35.004402,4351.820964591292,4351.820964591292
2018-10-29,construction_tools_construction,140.12401357136838,124.32210567663154,124.32210567663154,35.366714,35.366714,4396.864355343204,4396.864355343204
2018-09-10,construction_tools_lights,137.5767781986532,101.3074031986532,101.3074031986532,15.587538,15.587538,1579.1329970403285,1579.1329970403285
2018-09-17,construction_tools_lights,137.5767781986532,101.3074031986532,101.3074031986532,11.9917555,11.9917555,1214.853609498167,1214.853609498167
2018-09-24,construction_tools_lights,137.5767781986532,101.3074031986532,101.3074031986532,11.818917,11.818917,1197.343789890417,1197.343789890417
2018-10-01,construction_tools_lights,137.5767781986532,101.3074031986532,101.3074031986532,12.105453,12.105453,1226.3720079733462,1226.3720079733462
2018-10-08,construction_tools_lights,137.5767781986532,101.3074031986532,101.3074031986532,12.397005,12.397005,1255.9083839907198,1255.9083839907198
2018-10-15,construction_tools_lights,137.5767781986532,101.3074031986532,101.3074031986532,12.364825,12.364825,1252.648311755787,1252.648311755787
2018-10-22,construction_tools_lights,137.5767781986532,101.3074031986532,101.3074031986532,11.679263,11.679263,1183.195805804112,1183.195805804112
2018-10-29,construction_tools_lights,137.5767781986532,101.3074031986532,101.3074031986532,11.146101,11.146101,1129.1825480999116,1129.1825480999116
2018-09-10,construction_tools_safety,153.65541666666667,153.65541666666667,153.65541666666667,5.5843425,5.5843425,858.0644736468751,858.0644736468751
2018-09-17,construction_tools_safety,153.65541666666667,153.65541666666667,153.65541666666667,6.8302865,6.8302865,1049.5105181102083,1049.5105181102083
2018-09-24,construction_tools_safety,153.65541666666667,153.65541666666667,153.65541666666667,5.3207264,5.3207264,817.5584319613333,817.5584319613333
2018-10-01,construction_tools_safety,153.65541666666667,153.65541666666667,153.65541666666667,4.931037,4.931037,757.68054483375,757.68054483375
2018-10-08,construction_tools_safety,153.65541666666667,153.65541666666667,153.65541666666667,6.1465516,6.1465516,944.4509471611666,944.4509471611666
2018-10-15,construction_tools_safety,153.65541666666667,153.65541666666667,153.65541666666667,4.8938513,4.8938513,751.9667606062083,751.9667606062083
2018-10-22,construction_tools_safety,153.65541666666667,153.65541666666667,153.65541666666667,5.6698675,5.6698675,871.2058531572916,871.2058531572916
2018-10-29,construction_tools_safety,153.65541666666667,153.65541666666667,153.65541666666667,5.639715,5.639715,866.57275820625,866.57275820625
2018-09-10,cool_stuff,136.41866979949873,121.65099122807015,121.65099122807015,26.513792,26.513792,3225.4290780148763,3225.4290780148763
2018-09-17,cool_stuff,136.41866979949873,121.65099122807015,121.65099122807015,23.499252,23.499252,2858.7072989182097,2858.7072989182097
2018-09-24,cool_stuff,136.41866979949873,121.65099122807015,121.65099122807015,19.144623,19.144623,2328.96236463771,2328.96236463771
2018-10-01,cool_stuff,136.41866979949873,121.65099122807015,121.65099122807015,22.072405,22.072405,2685.129947037412,2685.129947037412
2018-10-08,cool_stuff,136.41866979949873,121.65099122807015,121.65099122807015,19.624306,19.624306,2387.3162770629647,2387.3162770629647
2018-10-15,cool_stuff,136.41866979949873,121.65099122807015,121.65099122807015,16.825144,16.825144,2046.7954451550174,2046.7954451550174
2018-10-22,cool_stuff,136.41866979949873,121.65099122807015,121.65099122807015,18.755476,18.755476,2281.6222463542804,2281.6222463542804
2018-10-29,cool_stuff,136.41866979949873,121.65099122807015,121.65099122807015,15.813207,15.813207,1923.6923060446577,1923.6923060446577
2018-09-10,costruction_tools_garden,110.5209375,116.046984375,116.046984375,2.4802327,2.4802327,287.82352538326404,287.82352538326404
2018-09-17,costruction_tools_garden,110.5209375,116.046984375,116.046984375,1.4951428,1.4951428,173.50681314999375,173.50681314999375
2018-09-24,costruction_tools_garden,110.5209375,116.046984375,116.046984375,1.688958,1.688958,195.99848263603124,195.99848263603124
2018-10-01,costruction_tools_garden,110.5209375,116.046984375,116.046984375,1.7193538,1.7193538,199.52582356369686,199.52582356369686
2018-10-08,costruction_tools_garden,110.5209375,116.046984375,116.046984375,1.863871,1.863871,216.29660881401563,216.29660881401563
2018-10-15,costruction_tools_garden,110.5209375,116.046984375,116.046984375,2.4054494,2.4054494,279.14514893665313,279.14514893665313
2018-10-22,costruction_tools_garden,110.5209375,116.046984375,116.046984375,1.888192,1.888192,219.118987521,219.118987521
2018-10-29,costruction_tools_garden,110.5209375,116.046984375,116.046984375,2.4485245,2.4485245,284.1438843933047,284.1438843933047
2018-09-10,costruction_tools_tools,117.264375,117.264375,117.264375,2.526,2.526,296.20981125,296.20981125
2018-09-17,costruction_tools_tools,117.264375,117.264375,117.264375,3.5332215,3.5332215,414.3210109340625,414.3210109340625
2018-09-24,costruction_tools_tools,117.264375,117.264375,117.264375,2.581237,2.581237,302.687143531875,302.687143531875
2018-10-01,costruction_tools_tools,117.264375,117.264375,117.264375,2.5963507,2.5963507,304.4594421163125,304.4594421163125
2018-10-08,costruction_tools_tools,117.264375,117.264375,117.264375,3.4478006,3.4478006,404.30418248362497,404.30418248362497
2018-10-15,costruction_tools_tools,117.264375,117.264375,117.264375,3.3254428,3.3254428,389.95597154025,389.95597154025
2018-10-22,costruction_tools_tools,117.264375,117.264375,117.264375,3.2860594,3.2860594,385.337701753875,385.337701753875
2018-10-29,costruction_tools_tools,117.264375,117.264375,117.264375,3.977076,3.977076,466.3693314675,466.3693314675
2018-09-10,diapers_and_hygiene,69.7225,69.7225,69.7225,1.0106312,1.0106312,70.463733842,70.463733842
2018-09-17,diapers_and_hygiene,69.7225,69.7225,69.7225,1.2910894,1.2910894,90.01798069149999,90.01798069149999
2018-09-24,diapers_and_hygiene,69.7225,69.7225,69.7225,0.98944813,0.98944813,68.986797243925,68.986797243925
2018-10-01,diapers_and_hygiene,69.7225,69.7225,69.7225,1.3437138,1.3437138,93.6870854205,93.6870854205
2018-10-08,diapers_and_hygiene,69.7225,69.7225,69.7225,1.0287348,1.0287348,71.725962093,71.725962093
2018-10-15,diapers_and_hygiene,69.7225,69.7225,69.7225,1.0110816,1.0110816,70.495136856,70.495136856
2018-10-22,diapers_and_hygiene,69.7225,69.7225,69.7225,1.0357257,1.0357257,72.21338511824999,72.21338511824999
2018-10-29,diapers_and_hygiene,69.7225,69.7225,69.7225,1.1261997,1.1261997,78.52145858325,78.52145858325
2018-09-10,drinks,48.84649305555556,43.16420138888889,43.16420138888889,6.360096,6.360096,274.5284645966667,274.5284645966667
2018-09-17,drinks,48.84649305555556,43.16420138888889,43.16420138888889,7.5187407,7.5187407,324.54043776563543,324.54043776563543
2018-09-24,drinks,48.84649305555556,43.16420138888889,43.16420138888889,5.414297,5.414297,233.70380608725696,233.70380608725696
2018-10-01,drinks,48.84649305555556,43.16420138888889,43.16420138888889,6.4915524,6.4915524,280.202675120125,280.202675120125
2018-10-08,drinks,48.84649305555556,43.16420138888889,43.16420138888889,6.1676183,6.1676183,266.22031839099657,266.22031839099657
2018-10-15,drinks,48.84649305555556,43.16420138888889,43.16420138888889,4.79788,4.79788,207.09665855972224,207.09665855972224
2018-10-22,drinks,48.84649305555556,43.16420138888889,43.16420138888889,5.8568892,5.8568892,252.80794494120835,252.80794494120835
2018-10-29,drinks,48.84649305555556,43.16420138888889,43.16420138888889,5.3990765,5.3990765,233.04682536001735,233.04682536001735
2018-09-10,dvds_blu_ray,47.25875,47.25875,47.25875,1.6886865,1.6886865,79.80521313187499,79.80521313187499
2018-09-17,dvds_blu_ray,47.25875,47.25875,47.25875,1.3670075,1.3670075,64.603065690625,64.603065690625
2018-09-24,dvds_blu_ray,47.25875,47.25875,47.25875,0.96002233,0.96002233,45.369455287887504,45.369455287887504
2018-10-01,dvds_blu_ray,47.25875,47.25875,47.25875,0.8589705,0.8589705,40.593872116875,40.593872116875
2018-10-08,dvds_blu_ray,47.25875,47.25875,47.25875,0.73025477,0.73025477,34.5109276117375,34.5109276117375
2018-10-15,dvds_blu_ray,47.25875,47.25875,47.25875,0.8021516,0.8021516,37.908681926499995,37.908681926499995
2018-10-22,dvds_blu_ray,47.25875,47.25875,47.25875,1.3335367,1.3335367,63.021277521125,63.021277521125
2018-10-29,dvds_blu_ray,47.25875,47.25875,47.25875,1.3337177,1.3337177,63.029831354875,63.029831354875
2018-09-10,electronics,95.01823675775978,95.01823675775978,95.01823675775978,31.20266,31.20266,2964.8217353518808,2964.8217353518808
2018-09-17,electronics,95.01823675775978,95.01823675775978,95.01823675775978,29.4729,29.4729,2800.462990137778,2800.462990137778
2018-09-24,electronics,95.01823675775978,95.01823675775978,95.01823675775978,24.314035,24.314035,2310.276734166458,2310.276734166458
2018-10-01,electronics,95.01823675775978,95.01823675775978,95.01823675775978,30.621077,30.621077,2909.5607441635925,2909.5607441635925
2018-10-08,electronics,95.01823675775978,95.01823675775978,95.01823675775978,26.685104,26.685104,2535.5715297774423,2535.5715297774423
2018-10-15,electronics,95.01823675775978,95.01823675775978,95.01823675775978,21.689743,21.689743,2060.921135588963,2060.921135588963
2018-10-22,electronics,95.01823675775978,95.01823675775978,95.01823675775978,25.413805,25.413805,2414.7749404055394,2414.7749404055394
2018-10-29,electronics,95.01823675775978,95.01823675775978,95.01823675775978,28.889235,28.889235,2745.0041709805605,2745.0041709805605
2018-09-10,fashio_female_clothing,36.865,36.865,36.865,2.369501,2.369501,87.351654365,87.351654365
2018-09-17,fashio_female_clothing,36.865,36.865,36.865,1.5735525,1.5735525,58.0090129125,58.0090129125
2018-09-24,fashio_female_clothing,36.865,36.865,36.865,1.4584922,1.4584922,53.767314953,53.767314953
2018-10-01,fashio_female_clothing,36.865,36.865,36.865,1.5911375,1.5911375,58.657283937500004,58.657283937500004
2018-10-08,fashio_female_clothing,36.865,36.865,36.865,1.1600968,1.1600968,42.76696853200001,42.76696853200001
2018-10-15,fashio_female_clothing,36.865,36.865,36.865,1.1050951,1.1050951,40.7393308615,40.7393308615
2018-10-22,fashio_female_clothing,36.865,36.865,36.865,0.9693173,0.9693173,35.733882264500004,35.733882264500004
2018-10-29,fashio_female_clothing,36.865,36.865,36.865,0.85549206,0.85549206,31.5377147919,31.5377147919
2018-09-10,fashion_bags_accessories,64.89250315656565,63.02113952020202,63.02113952020202,25.193094,25.193094,1587.6974919195643,1587.6974919195643
2018-09-17,fashion_bags_accessories,64.89250315656565,63.02113952020202,63.02113952020202,29.051157,29.051157,1830.8370185202934,1830.8370185202934
2018-09-24,fashion_bags_accessories,64.89250315656565,63.02113952020202,63.02113952020202,25.846842,25.846842,1628.8974358386174,1628.8974358386174
2018-10-01,fashion_bags_accessories,64.89250315656565,63.02113952020202,63.02113952020202,25.858847,25.858847,1629.6540046185576,1629.6540046185576
2018-10-08,fashion_bags_accessories,64.89250315656565,63.02113952020202,63.02113952020202,27.117048,27.117048,1708.9472653840153,1708.9472653840153
2018-10-15,fashion_bags_accessories,64.89250315656565,63.02113952020202,63.02113952020202,24.025314,24.025314,1514.102665610663,1514.102665610663
2018-10-22,fashion_bags_accessories,64.89250315656565,63.02113952020202,63.02113952020202,26.612078,26.612078,1677.1234805604988,1677.1234805604988
2018-10-29,fashion_bags_accessories,64.89250315656565,63.02113952020202,63.02113952020202,24.352102,24.352102,1534.6972177521905,1534.6972177521905
2018-09-10,fashion_childrens_clothes,52.49,52.49,52.49,0.59468186,0.59468186,31.214850831400003,31.214850831400003
2018-09-17,fashion_childrens_clothes,52.49,52.49,52.49,0.73634964,0.73634964,38.6509926036,38.6509926036
2018-09-24,fashion_childrens_clothes,52.49,52.49,52.49,0.69454795,0.69454795,36.4568218955,36.4568218955
2018-10-01,fashion_childrens_clothes,52.49,52.49,52.49,0.71117574,0.71117574,37.329614592599995,37.329614592599995
2018-10-08,fashion_childrens_clothes,52.49,52.49,52.49,0.817149,0.817149,42.89215101,42.89215101
2018-10-15,fashion_childrens_clothes,52.49,52.49,52.49,0.9738031,0.9738031,51.114924719,51.114924719
2018-10-22,fashion_childrens_clothes,52.49,52.49,52.49,0.9436462,0.9436462,49.531989038,49.531989038
2018-10-29,fashion_childrens_clothes,52.49,52.49,52.49,0.87198687,0.87198687,45.7705908063,45.7705908063
2018-09-10,fashion_male_clothing,106.91,106.91,106.91,1.2261447,1.2261447,131.087129877,131.087129877
2018-09-17,fashion_male_clothing,106.91,106.91,106.91,1.6240956,1.6240956,173.632060596,173.632060596
2018-09-24,fashion_male_clothing,106.91,106.91,106.91,1.2832192,1.2832192,137.188964672,137.188964672
2018-10-01,fashion_male_clothing,106.91,106.91,106.91,1.1792296,1.1792296,126.071436536,126.071436536
2018-10-08,fashion_male_clothing,106.91,106.91,106.91,1.6721975,1.6721975,178.774634725,178.774634725
2018-10-15,fashion_male_clothing,106.91,106.91,106.91,1.427141,1.427141,152.57564431,152.57564431
2018-10-22,fashion_male_clothing,106.91,106.91,106.91,1.2543932,1.2543932,134.107177012,134.107177012
2018-10-29,fashion_male_clothing,106.91,106.91,106.91,1.0982969,1.0982969,117.418921579,117.418921579
2018-09-10,fashion_shoes,173.0,173.0,173.0,1.8486654,1.8486654,319.8191142,319.8191142
2018-09-17,fashion_shoes,173.0,173.0,173.0,2.4883137,2.4883137,430.4782701,430.4782701
2018-09-24,fashion_shoes,173.0,173.0,173.0,2.18643,2.18643,378.25239,378.25239
2018-10-01,fashion_shoes,173.0,173.0,173.0,2.8148427,2.8148427,486.96778709999995,486.96778709999995
2018-10-08,fashion_shoes,173.0,173.0,173.0,3.5909843,3.5909843,621.2402839,621.2402839
2018-10-15,fashion_shoes,173.0,173.0,173.0,4.372014,4.372014,756.358422,756.358422
2018-10-22,fashion_shoes,173.0,173.0,173.0,3.90583,3.90583,675.70859,675.70859
2018-10-29,fashion_shoes,173.0,173.0,173.0,3.969087,3.969087,686.652051,686.652051
2018-09-10,fashion_sport,77.4,77.4,77.4,1.2334528,1.2334528,95.46924672000002,95.46924672000002
2018-09-17,fashion_sport,77.4,77.4,77.4,0.83779746,0.83779746,64.845523404,64.845523404
2018-09-24,fashion_sport,77.4,77.4,77.4,1.0203135,1.0203135,78.97226490000001,78.97226490000001
2018-10-01,fashion_sport,77.4,77.4,77.4,0.97686845,0.97686845,75.60961803000001,75.60961803000001
2018-10-08,fashion_sport,77.4,77.4,77.4,0.8236873,0.8236873,63.75339702000001,63.75339702000001
2018-10-15,fashion_sport,77.4,77.4,77.4,0.7239202,0.7239202,56.03142348000001,56.03142348000001
2018-10-22,fashion_sport,77.4,77.4,77.4,0.70246303,0.70246303,54.370638522,54.370638522
2018-10-29,fashion_sport,77.4,77.4,77.4,0.7388121,0.7388121,57.18405654,57.18405654
2018-09-10,fashion_underwear_beach,69.9125,69.9125,69.9125,1.2322779,1.2322779,86.15162868374999,86.15162868374999
2018-09-17,fashion_underwear_beach,69.9125,69.9125,69.9125,1.533768,1.533768,107.22955529999999,107.22955529999999
2018-09-24,fashion_underwear_beach,69.9125,69.9125,69.9125,1.6936376,1.6936376,118.40643870999999,118.40643870999999
2018-10-01,fashion_underwear_beach,69.9125,69.9125,69.9125,1.5968579,1.5968579,111.64032793375,111.64032793375
2018-10-08,fashion_underwear_beach,69.9125,69.9125,69.9125,1.5495797,1.5495797,108.33499077625,108.33499077625
2018-10-15,fashion_underwear_beach,69.9125,69.9125,69.9125,1.4405259,1.4405259,100.71076698374999,100.71076698374999
2018-10-22,fashion_underwear_beach,69.9125,69.9125,69.9125,1.6363367,1.6363367,114.40038953874999,114.40038953874999
2018-10-29,fashion_underwear_beach,69.9125,69.9125,69.9125,1.7126011,1.7126011,119.73222440375,119.73222440375
2018-09-10,fixed_telephony,265.33458333333334,265.33458333333334,265.33458333333334,5.060004,5.060004,1342.594053005,1342.594053005
2018-09-17,fixed_telephony,265.33458333333334,265.33458333333334,265.33458333333334,5.723552,5.723552,1518.6562851066667,1518.6562851066667
2018-09-24,fixed_telephony,265.33458333333334,265.33458333333334,265.33458333333334,4.2403336,4.2403336,1125.1071489503333,1125.1071489503333
2018-10-01,fixed_telephony,265.33458333333334,265.33458333333334,265.33458333333334,6.07744,6.07744,1612.5550101333333,1612.5550101333333
2018-10-08,fixed_telephony,265.33458333333334,265.33458333333334,265.33458333333334,6.742073,6.742073,1788.9051302579169,1788.9051302579169
2018-10-15,fixed_telephony,265.33458333333334,265.33458333333334,265.33458333333334,5.752134,5.752134,1526.2400781675,1526.2400781675
2018-10-22,fixed_telephony,265.33458333333334,265.33458333333334,265.33458333333334,8.146962,8.146962,2161.6707677025,2161.6707677025
2018-10-29,fixed_telephony,265.33458333333334,265.33458333333334,265.33458333333334,8.11416,8.11416,2152.9672627,2152.9672627
2018-09-10,flowers,44.08625,44.08625,44.08625,1.6107044,1.6107044,71.00991685449999,71.00991685449999
2018-09-17,flowers,44.08625,44.08625,44.08625,1.4943026,1.4943026,65.87819799924999,65.87819799924999
2018-09-24,flowers,44.08625,44.08625,44.08625,1.1637455,1.1637455,51.305175049375,51.305175049375
2018-10-01,flowers,44.08625,44.08625,44.08625,1.0745615,1.0745615,47.373386929374995,47.373386929374995
2018-10-08,flowers,44.08625,44.08625,44.08625,0.91416985,0.91416985,40.302320549562495,40.302320549562495
2018-10-15,flowers,44.08625,44.08625,44.08625,0.8944984,0.8944984,39.435080087,39.435080087
2018-10-22,flowers,44.08625,44.08625,44.08625,0.8811194,0.8811194,38.84525014825,38.84525014825
2018-10-29,flowers,44.08625,44.08625,44.08625,0.84180707,0.84180707,37.1121169397875,37.1121169397875
2018-09-10,food,69.17852859177859,69.17852859177859,69.17852859177859,26.076279,26.076279,1803.9186123686954,1803.9186123686954
2018-09-17,food,69.17852859177859,69.17852859177859,69.17852859177859,21.898893,21.898893,1514.9331955288,1514.9331955288
2018-09-24,food,69.17852859177859,69.17852859177859,69.17852859177859,12.848466,12.848466,888.8379725414951,888.8379725414951
2018-10-01,food,69.17852859177859,69.17852859177859,69.17852859177859,18.479193,18.479193,1278.3633813034946,1278.3633813034946
2018-10-08,food,69.17852859177859,69.17852859177859,69.17852859177859,15.588119,15.588119,1078.363135933547,1078.363135933547
2018-10-15,food,69.17852859177859,69.17852859177859,69.17852859177859,16.774767,16.774767,1160.453698529924,1160.453698529924
2018-10-22,food,69.17852859177859,69.17852859177859,69.17852859177859,16.492117,16.492117,1140.9003874234577,1140.9003874234577
2018-10-29,food,69.17852859177859,69.17852859177859,69.17852859177859,15.479381,15.479381,1070.8408010915343,1070.8408010915343
2018-09-10,food_drink,43.81729166666667,43.81729166666667,43.81729166666667,6.7327294,6.7327294,295.0099678325417,295.0099678325417
2018-09-17,food_drink,43.81729166666667,43.81729166666667,43.81729166666667,4.202073,4.202073,184.12345824562502,184.12345824562502
2018-09-24,food_drink,43.81729166666667,43.81729166666667,43.81729166666667,5.705793,5.705793,250.01239607062502,250.01239607062502
2018-10-01,food_drink,43.81729166666667,43.81729166666667,43.81729166666667,6.074867,6.074867,266.18421917520834,266.18421917520834
2018-10-08,food_drink,43.81729166666667,43.81729166666667,43.81729166666667,5.7817173,5.7817173,253.33919326831253,253.33919326831253
2018-10-15,food_drink,43.81729166666667,43.81729166666667,43.81729166666667,5.2980895,5.2980895,232.14793289760416,232.14793289760416
2018-10-22,food_drink,43.81729166666667,43.81729166666667,43.81729166666667,6.3155375,6.3155375,276.7297486692708,276.7297486692708
2018-10-29,food_drink,43.81729166666667,43.81729166666667,43.81729166666667,5.5782185,5.5782185,244.42242699489586,244.42242699489586
2018-09-10,furniture_bedroom,167.35,167.35,167.35,2.961818,2.961818,495.6602423,495.6602423
2018-09-17,furniture_bedroom,167.35,167.35,167.35,4.239666,4.239666,709.5081051,709.5081051
2018-09-24,furniture_bedroom,167.35,167.35,167.35,3.8127003,3.8127003,638.055395205,638.055395205
2018-10-01,furniture_bedroom,167.35,167.35,167.35,2.9540749,2.9540749,494.364434515,494.364434515
2018-10-08,furniture_bedroom,167.35,167.35,167.35,3.4333587,3.4333587,574.572578445,574.572578445
2018-10-15,furniture_bedroom,167.35,167.35,167.35,3.7939243,3.7939243,634.913231605,634.913231605
2018-10-22,furniture_bedroom,167.35,167.35,167.35,3.134065,3.134065,524.48577775,524.48577775
2018-10-29,furniture_bedroom,167.35,167.35,167.35,2.86473,2.86473,479.4125655,479.4125655
2018-09-10,furniture_decor,93.39075398844987,92.95113070077863,92.95113070077863,71.22837,71.22837,6620.75752947342,6620.75752947342
2018-09-17,furniture_decor,93.39075398844987,92.95113070077863,92.95113070077863,72.33748,72.33748,6723.85055804496,6723.85055804496
2018-09-24,furniture_decor,93.39075398844987,92.95113070077863,92.95113070077863,48.978935,48.978935,4552.647388769941,4552.647388769941
2018-10-01,furniture_decor,93.39075398844987,92.95113070077863,92.95113070077863,60.35275,60.35275,5609.856353401417,5609.856353401417
2018-10-08,furniture_decor,93.39075398844987,92.95113070077863,92.95113070077863,55.24093,55.24093,5134.706904462563,5134.706904462563
2018-10-15,furniture_decor,93.39075398844987,92.95113070077863,92.95113070077863,45.473167,45.473167,4226.782289195334,4226.782289195334
2018-10-22,furniture_decor,93.39075398844987,92.95113070077863,92.95113070077863,48.394928,48.394928,4498.363277782772,4498.363277782772
2018-10-29,furniture_decor,93.39075398844987,92.95113070077863,92.95113070077863,48.910175,48.910175,4546.256069022956,4546.256069022956
2018-09-10,furniture_living_room,123.72369218200102,123.72369218200102,123.72369218200102,10.986789,10.986789,1359.3261003045948,1359.3261003045948
2018-09-17,furniture_living_room,123.72369218200102,123.72369218200102,123.72369218200102,8.070294,8.070294,998.4865706742498,998.4865706742498
2018-09-24,furniture_living_room,123.72369218200102,123.72369218200102,123.72369218200102,8.8855915,8.8855915,1099.3581876010048,1099.3581876010048
2018-10-01,furniture_living_room,123.72369218200102,123.72369218200102,123.72369218200102,10.161725,10.161725,1257.2461359381443,1257.2461359381443
2018-10-08,furniture_living_room,123.72369218200102,123.72369218200102,123.72369218200102,8.636333,8.636333,1068.5190056732574,1068.5190056732574
2018-10-15,furniture_living_room,123.72369218200102,123.72369218200102,123.72369218200102,11.022511,11.022511,1363.7457580367202,1363.7457580367202
2018-10-22,furniture_living_room,123.72369218200102,123.72369218200102,123.72369218200102,8.665011,8.665011,1072.067153717653,1072.067153717653
2018-10-29,furniture_living_room,123.72369218200102,123.72369218200102,123.72369218200102,10.1210575,10.1210575,1252.2146026863327,1252.2146026863327
2018-09-10,furniture_mattress_and_upholstery,114.975,114.975,114.975,0.9646931,0.9646931,110.91558917249999,110.91558917249999
2018-09-17,furniture_mattress_and_upholstery,114.975,114.975,114.975,0.8165919,0.8165919,93.8876537025,93.8876537025
2018-09-24,furniture_mattress_and_upholstery,114.975,114.975,114.975,0.63182235,0.63182235,72.64377469124999,72.64377469124999
2018-10-01,furniture_mattress_and_upholstery,114.975,114.975,114.975,0.96666205,0.96666205,111.14196919875,111.14196919875
2018-10-08,furniture_mattress_and_upholstery,114.975,114.975,114.975,0.6294383,0.6294383,72.3696685425,72.3696685425
2018-10-15,furniture_mattress_and_upholstery,114.975,114.975,114.975,0.5991259,0.5991259,68.8845003525,68.8845003525
2018-10-22,furniture_mattress_and_upholstery,114.975,114.975,114.975,0.5574581,0.5574581,64.0937450475,64.0937450475
2018-10-29,furniture_mattress_and_upholstery,114.975,114.975,114.975,0.7977125,0.7977125,91.7169946875,91.7169946875
2018-09-10,garden_tools,112.40679900553376,99.1888444600792,99.1888444600792,35.613182,35.613182,3532.430370126492,3532.430370126492
2018-09-17,garden_tools,112.40679900553376,99.1888444600792,99.1888444600792,32.52323,32.52323,3225.941601809381,3225.941601809381
2018-09-24,garden_tools,112.40679900553376,99.1888444600792,99.1888444600792,23.366695,23.366695,2317.71547590111,2317.71547590111
2018-10-01,garden_tools,112.40679900553376,99.1888444600792,99.1888444600792,26.144743,26.144743,2593.2668468757442,2593.2668468757442
2018-10-08,garden_tools,112.40679900553376,99.1888444600792,99.1888444600792,24.19854,24.19854,2400.2252202210047,2400.2252202210047
2018-10-15,garden_tools,112.40679900553376,99.1888444600792,99.1888444600792,23.330147,23.330147,2314.0903220137834,2314.0903220137834
2018-10-22,garden_tools,112.40679900553376,99.1888444600792,99.1888444600792,23.579857,23.579857,2338.85876836391,2338.85876836391
2018-10-29,garden_tools,112.40679900553376,99.1888444600792,99.1888444600792,22.68372,22.68372,2249.971974855988,2249.971974855988
2018-09-10,health_beauty,143.91942701772177,141.88902845380358,141.88902845380358,120.062706,120.062706,17035.580707874655,17035.580707874655
2018-09-17,health_beauty,143.91942701772177,141.88902845380358,141.88902845380358,108.40679,108.40679,15381.73411089551,15381.73411089551
2018-09-24,health_beauty,143.91942701772177,141.88902845380358,141.88902845380358,84.55676,84.55676,11997.67652560144,11997.67652560144
2018-10-01,health_beauty,143.91942701772177,141.88902845380358,141.88902845380358,73.424965,73.424965,10418.196948104533,10418.196948104533
2018-10-08,health_beauty,143.91942701772177,141.88902845380358,141.88902845380358,66.660324,66.660324,9458.368608775765,9458.368608775765
2018-10-15,health_beauty,143.91942701772177,141.88902845380358,141.88902845380358,56.43328,56.43328,8007.263271661464,8007.263271661464
2018-10-22,health_beauty,143.91942701772177,141.88902845380358,141.88902845380358,54.066853,54.066853,7671.493243724615,7671.493243724615
2018-10-29,health_beauty,143.91942701772177,141.88902845380358,141.88902845380358,49.015385,49.015385,6954.745356939137,6954.745356939137
2018-09-10,home_appliances,87.52751657572024,87.52751657572024,87.52751657572024,14.939981,14.939981,1307.6594346184454,1307.6594346184454
2018-09-17,home_appliances,87.52751657572024,87.52751657572024,87.52751657572024,18.447517,18.447517,1614.665349998381,1614.665349998381
2018-09-24,home_appliances,87.52751657572024,87.52751657572024,87.52751657572024,12.767383,12.767383,1117.4973271610688,1117.4973271610688
2018-10-01,home_appliances,87.52751657572024,87.52751657572024,87.52751657572024,14.557812,14.557812,1274.209131136219,1274.209131136219
2018-10-08,home_appliances,87.52751657572024,87.52751657572024,87.52751657572024,14.018101,14.018101,1226.9695676376205,1226.9695676376205
2018-10-15,home_appliances,87.52751657572024,87.52751657572024,87.52751657572024,12.812801,12.812801,1121.472651908905,1121.472651908905
2018-10-22,home_appliances,87.52751657572024,87.52751657572024,87.52751657572024,14.178996,14.178996,1241.052307417071,1241.052307417071
2018-10-29,home_appliances,87.52751657572024,87.52751657572024,87.52751657572024,12.971441,12.971441,1135.3580171384772,1135.3580171384772
2018-09-10,home_appliances_2,530.6721666666667,524.9155000000001,524.9155000000001,4.9629416,4.9629416,2605.1249714348,2605.1249714348
2018-09-17,home_appliances_2,530.6721666666667,524.9155000000001,524.9155000000001,4.6355515,4.6355515,2433.2728333982504,2433.2728333982504
2018-09-24,home_appliances_2,530.6721666666667,524.9155000000001,524.9155000000001,4.2118444,4.2118444,2210.8624091482006,2210.8624091482006
2018-10-01,home_appliances_2,530.6721666666667,524.9155000000001,524.9155000000001,5.3214564,5.3214564,2793.3149469342,2793.3149469342
2018-10-08,home_appliances_2,530.6721666666667,524.9155000000001,524.9155000000001,4.629783,4.629783,2430.2448583365003,2430.2448583365003
2018-10-15,home_appliances_2,530.6721666666667,524.9155000000001,524.9155000000001,5.355651,5.355651,2811.2642224905003,2811.2642224905003
2018-10-22,home_appliances_2,530.6721666666667,524.9155000000001,524.9155000000001,6.09758,6.09758,3200.7142544900003,3200.7142544900003
2018-10-29,home_appliances_2,530.6721666666667,524.9155000000001,524.9155000000001,7.0367336,7.0367336,3693.6905360108003,3693.6905360108003
2018-09-10,home_comfort_2,12.9,12.255,12.255,1.3249565,1.3249565,16.237341907500003,16.237341907500003
2018-09-17,home_comfort_2,12.9,12.255,12.255,1.2274671,1.2274671,15.0426093105,15.0426093105
2018-09-24,home_comfort_2,12.9,12.255,12.255,1.19143,1.19143,14.600974650000001,14.600974650000001
2018-10-01,home_comfort_2,12.9,12.255,12.255,1.0798998,1.0798998,13.234172049,13.234172049
2018-10-08,home_comfort_2,12.9,12.255,12.255,1.1365587,1.1365587,13.9285268685,13.9285268685
2018-10-15,home_comfort_2,12.9,12.255,12.255,1.1035391,1.1035391,13.523871670500002,13.523871670500002
2018-10-22,home_comfort_2,12.9,12.255,12.255,1.1035391,1.1035391,13.523871670500002,13.523871670500002
2018-10-29,home_comfort_2,12.9,12.255,12.255,1.0683414,1.0683414,13.092523857000002,13.092523857000002
2018-09-10,home_confort,123.2236875,158.583375,158.583375,6.3472767,6.3472767,1006.5725611448624,1006.5725611448624
2018-09-17,home_confort,123.2236875,158.583375,158.583375,6.1303253,6.1303253,972.1676759218874,972.1676759218874
2018-09-24,home_confort,123.2236875,158.583375,158.583375,6.6127887,6.6127887,1048.6783502078624,1048.6783502078624
2018-10-01,home_confort,123.2236875,158.583375,158.583375,7.921295,7.921295,1256.185695470625,1256.185695470625
2018-10-08,home_confort,123.2236875,158.583375,158.583375,7.97696,7.97696,1265.01323904,1265.01323904
2018-10-15,home_confort,123.2236875,158.583375,158.583375,7.9844255,7.9844255,1266.1971432260625,1266.1971432260625
2018-10-22,home_confort,123.2236875,158.583375,158.583375,8.60275,8.60275,1364.25312928125,1364.25312928125
2018-10-29,home_confort,123.2236875,158.583375,158.583375,8.728436,8.728436,1384.1848393515,1384.1848393515
2018-09-10,home_construction,179.10909161490684,179.10909161490684,179.10909161490684,12.081444,12.081444,2163.8964602363667,2163.8964602363667
2018-09-17,home_construction,179.10909161490684,179.10909161490684,179.10909161490684,7.773813,7.773813,1392.3605848141538,1392.3605848141538
2018-09-24,home_construction,179.10909161490684,179.10909161490684,179.10909161490684,6.7264485,6.7264485,1204.7680806294527,1204.7680806294527
2018-10-01,home_construction,179.10909161490684,179.10909161490684,179.10909161490684,8.268187,8.268187,1480.9074628721817,1480.9074628721817
2018-10-08,home_construction,179.10909161490684,179.10909161490684,179.10909161490684,7.3386335,7.3386335,1314.4159798797245,1314.4159798797245
2018-10-15,home_construction,179.10909161490684,179.10909161490684,179.10909161490684,6.7422056,6.7422056,1207.590320496938,1207.590320496938
2018-10-22,home_construction,179.10909161490684,179.10909161490684,179.10909161490684,6.5768127,6.5768127,1177.9669484183828,1177.9669484183828
2018-10-29,home_construction,179.10909161490684,179.10909161490684,179.10909161490684,6.8053617,6.8053617,1218.9021521978782,1218.9021521978782
2018-09-10,housewares,100.0056035068071,87.71028803061662,87.71028803061662,100.96733,100.96733,8855.873595982319,8855.873595982319
2018-09-17,housewares,100.0056035068071,87.71028803061662,87.71028803061662,89.199585,89.199585,7823.72129256147,7823.72129256147
2018-09-24,housewares,100.0056035068071,87.71028803061662,87.71028803061662,72.31251,72.31251,6342.551080316845,6342.551080316845
2018-10-01,housewares,100.0056035068071,87.71028803061662,87.71028803061662,73.98956,73.98956,6489.645618858591,6489.645618858591
2018-10-08,housewares,100.0056035068071,87.71028803061662,87.71028803061662,65.69782,65.69782,5762.374715183605,5762.374715183605
2018-10-15,housewares,100.0056035068071,87.71028803061662,87.71028803061662,54.039536,54.039536,4739.823267600876,4739.823267600876
2018-10-22,housewares,100.0056035068071,87.71028803061662,87.71028803061662,53.30143,53.30143,4675.08377774375,4675.08377774375
2018-10-29,housewares,100.0056035068071,87.71028803061662,87.71028803061662,54.675983,54.675983,4795.646217287098,4795.646217287098
2018-09-10,industry_commerce_and_business,262.48,275.60400000000004,275.60400000000004,2.3351464,2.3351464,643.5756884256001,643.5756884256001
2018-09-17,industry_commerce_and_business,262.48,275.60400000000004,275.60400000000004,2.909153,2.909153,801.7742034120001,801.7742034120001
2018-09-24,industry_commerce_and_business,262.48,275.60400000000004,275.60400000000004,3.682917,3.682917,1015.0266568680003,1015.0266568680003
2018-10-01,industry_commerce_and_business,262.48,275.60400000000004,275.60400000000004,3.4096427,3.4096427,939.7111666908002,939.7111666908002
2018-10-08,industry_commerce_and_business,262.48,275.60400000000004,275.60400000000004,3.6241682,3.6241682,998.8352525928002,998.8352525928002
2018-10-15,industry_commerce_and_business,262.48,275.60400000000004,275.60400000000004,3.7828538,3.7828538,1042.5696386952002,1042.5696386952002
2018-10-22,industry_commerce_and_business,262.48,275.60400000000004,275.60400000000004,3.2657242,3.2657242,900.0466524168002,900.0466524168002
2018-10-29,industry_commerce_and_business,262.48,275.60400000000004,275.60400000000004,3.7181194,3.7181194,1024.7285791176002,1024.7285791176002
2018-09-10,kitchen_dining_laundry_garden_furniture,136.19035714285715,136.19035714285715,136.19035714285715,3.2734034,3.2734034,445.8059781186429,445.8059781186429
2018-09-17,kitchen_dining_laundry_garden_furniture,136.19035714285715,136.19035714285715,136.19035714285715,3.0920815,3.0920815,421.11168379982144,421.11168379982144
2018-09-24,kitchen_dining_laundry_garden_furniture,136.19035714285715,136.19035714285715,136.19035714285715,2.4586174,2.4586174,334.8399817836429,334.8399817836429
2018-10-01,kitchen_dining_laundry_garden_furniture,136.19035714285715,136.19035714285715,136.19035714285715,3.1068144,3.1068144,423.11816271257146,423.11816271257146
2018-10-08,kitchen_dining_laundry_garden_furniture,136.19035714285715,136.19035714285715,136.19035714285715,4.131702,4.131702,562.6979709878572,562.6979709878572
2018-10-15,kitchen_dining_laundry_garden_furniture,136.19035714285715,136.19035714285715,136.19035714285715,3.197434,3.197434,435.4596784007143,435.4596784007143
2018-10-22,kitchen_dining_laundry_garden_furniture,136.19035714285715,136.19035714285715,136.19035714285715,4.5309715,4.5309715,617.0746267891071,617.0746267891071
2018-10-29,kitchen_dining_laundry_garden_furniture,136.19035714285715,136.19035714285715,136.19035714285715,5.103089,5.103089,694.9915134417857,694.9915134417857
2018-09-10,la_cuisine,194.5,194.5,194.5,1.3031574,1.3031574,253.46411429999998,253.46411429999998
2018-09-17,la_cuisine,194.5,194.5,194.5,1.3562874,1.3562874,263.7978993,263.7978993
2018-09-24,la_cuisine,194.5,194.5,194.5,1.6561847,1.6561847,322.12792415,322.12792415
2018-10-01,la_cuisine,194.5,194.5,194.5,1.2454314,1.2454314,242.2364073,242.2364073
2018-10-08,la_cuisine,194.5,194.5,194.5,1.3860961,1.3860961,269.59569145,269.59569145
2018-10-15,la_cuisine,194.5,194.5,194.5,1.6300719,1.6300719,317.04898455,317.04898455
2018-10-22,la_cuisine,194.5,194.5,194.5,1.054878,1.054878,205.173771,205.173771
2018-10-29,la_cuisine,194.5,194.5,194.5,1.2359906,1.2359906,240.40017170000002,240.40017170000002
2018-09-10,luggage_accessories,104.1867865497076,82.55378654970761,82.55378654970761,15.67392,15.67392,1293.9414460771932,1293.9414460771932
2018-09-17,luggage_accessories,104.1867865497076,82.55378654970761,82.55378654970761,12.821685,12.821685,1058.478646697588,1058.478646697588
2018-09-24,luggage_accessories,104.1867865497076,82.55378654970761,82.55378654970761,10.458614,10.458614,863.3981877617838,863.3981877617838
2018-10-01,luggage_accessories,104.1867865497076,82.55378654970761,82.55378654970761,10.770466,10.770466,889.1427512048832,889.1427512048832
2018-10-08,luggage_accessories,104.1867865497076,82.55378654970761,82.55378654970761,12.080966,12.080966,997.3294884782749,997.3294884782749
2018-10-15,luggage_accessories,104.1867865497076,82.55378654970761,82.55378654970761,9.929892,9.929892,819.7501846296492,819.7501846296492
2018-10-22,luggage_accessories,104.1867865497076,82.55378654970761,82.55378654970761,11.336691,11.336691,935.8867689939913,935.8867689939913
2018-10-29,luggage_accessories,104.1867865497076,82.55378654970761,82.55378654970761,9.735693,9.735693,803.7183218354825,803.7183218354825
2018-09-10,market_place,121.46208333333333,121.46208333333333,121.46208333333333,3.2056582,3.2056582,389.36592342658327,389.36592342658327
2018-09-17,market_place,121.46208333333333,121.46208333333333,121.46208333333333,3.6136868,3.6136868,438.9259272421666,438.9259272421666
2018-09-24,market_place,121.46208333333333,121.46208333333333,121.46208333333333,3.1834545,3.1834545,386.66901576687496,386.66901576687496
2018-10-01,market_place,121.46208333333333,121.46208333333333,121.46208333333333,4.845011,4.845011,588.4851298329166,588.4851298329166
2018-10-08,market_place,121.46208333333333,121.46208333333333,121.46208333333333,4.660292,4.660292,566.0487752616666,566.0487752616666
2018-10-15,market_place,121.46208333333333,121.46208333333333,121.46208333333333,4.587938,4.587938,557.2605076841667,557.2605076841667
2018-10-22,market_place,121.46208333333333,121.46208333333333,121.46208333333333,6.406558,6.406558,778.1538816758333,778.1538816758333
2018-10-29,market_place,121.46208333333333,121.46208333333333,121.46208333333333,5.9846296,5.9846296,726.9055791943333,726.9055791943333
2018-09-10,music,75.41333333333333,75.41333333333333,75.41333333333333,1.6315749,1.6315749,123.04250179199998,123.04250179199998
2018-09-17,music,75.41333333333333,75.41333333333333,75.41333333333333,2.4093974,2.4093974,181.70068925866664,181.70068925866664
2018-09-24,music,75.41333333333333,75.41333333333333,75.41333333333333,2.0893538,2.0893538,157.56513457066666,157.56513457066666
2018-10-01,music,75.41333333333333,75.41333333333333,75.41333333333333,1.6874247,1.6874247,127.254321376,127.254321376
2018-10-08,music,75.41333333333333,75.41333333333333,75.41333333333333,1.5502639,1.5502639,116.91056824533332,116.91056824533332
2018-10-15,music,75.41333333333333,75.41333333333333,75.41333333333333,1.008978,1.008978,76.09039424,76.09039424
2018-10-22,music,75.41333333333333,75.41333333333333,75.41333333333333,1.598048,1.598048,120.51412650666666,120.51412650666666
2018-10-29,music,75.41333333333333,75.41333333333333,75.41333333333333,0.9015521,0.9015521,67.98904903466666,67.98904903466666
2018-09-10,musical_instruments,244.7041319444444,244.7041319444444,244.7041319444444,10.169295,10.169295,2488.468505461979,2488.468505461979
2018-09-17,musical_instruments,244.7041319444444,244.7041319444444,244.7041319444444,9.271585,9.271585,2268.7951591741316,2268.7951591741316
2018-09-24,musical_instruments,244.7041319444444,244.7041319444444,244.7041319444444,9.468244,9.468244,2316.9184290581943,2316.9184290581943
2018-10-01,musical_instruments,244.7041319444444,244.7041319444444,244.7041319444444,8.870389,8.870389,2170.620840254548,2170.620840254548
2018-10-08,musical_instruments,244.7041319444444,244.7041319444444,244.7041319444444,10.254737,10.254737,2509.376515903576,2509.376515903576
2018-10-15,musical_instruments,244.7041319444444,244.7041319444444,244.7041319444444,11.149723,11.149723,2728.3832881360067,2728.3832881360067
2018-10-22,musical_instruments,244.7041319444444,244.7041319444444,244.7041319444444,10.433732,10.433732,2553.1773320009715,2553.1773320009715
2018-10-29,musical_instruments,244.7041319444444,244.7041319444444,244.7041319444444,12.4801655,12.4801655,3053.948065200503,3053.948065200503
2018-09-10,office_furniture,223.5765037593985,321.9775,321.9775,14.373344,14.373344,4627.89336776,4627.89336776
2018-09-17,office_furniture,223.5765037593985,321.9775,321.9775,12.091643,12.091643,3893.2369840325,3893.2369840325
2018-09-24,office_furniture,223.5765037593985,321.9775,321.9775,8.820579,8.820579,2840.0279749725005,2840.0279749725005
2018-10-01,office_furniture,223.5765037593985,321.9775,321.9775,12.25507,12.25507,3945.8568009250002,3945.8568009250002
2018-10-08,office_furniture,223.5765037593985,321.9775,321.9775,11.484605,11.484605,3697.7844063875004,3697.7844063875004
2018-10-15,office_furniture,223.5765037593985,321.9775,321.9775,10.781913,10.781913,3471.5333929575,3471.5333929575
2018-10-22,office_furniture,223.5765037593985,321.9775,321.9775,11.636715,11.636715,3746.7604039125004,3746.7604039125004
2018-10-29,office_furniture,223.5765037593985,321.9775,321.9775,12.023117,12.023117,3871.1731538675,3871.1731538675
2018-09-10,party_supplies,90.47708333333333,90.47708333333333,90.47708333333333,2.503548,2.503548,226.51372102499997,226.51372102499997
2018-09-17,party_supplies,90.47708333333333,90.47708333333333,90.47708333333333,1.4857259,1.4857259,134.42414606479167,134.42414606479167
2018-09-24,party_supplies,90.47708333333333,90.47708333333333,90.47708333333333,1.1286507,1.1286507,102.11702343812499,102.11702343812499
2018-10-01,party_supplies,90.47708333333333,90.47708333333333,90.47708333333333,1.0759845,1.0759845,97.35193927187498,97.35193927187498
2018-10-08,party_supplies,90.47708333333333,90.47708333333333,90.47708333333333,0.97771096,0.97771096,88.46043600383332,88.46043600383332
2018-10-15,party_supplies,90.47708333333333,90.47708333333333,90.47708333333333,1.0810255,1.0810255,97.80803424895832,97.80803424895832
2018-10-22,party_supplies,90.47708333333333,90.47708333333333,90.47708333333333,0.91576374,0.91576374,82.855632217625,82.855632217625
2018-10-29,party_supplies,90.47708333333333,90.47708333333333,90.47708333333333,0.9280819,0.9280819,83.97014340645833,83.97014340645833
2018-09-10,perfumery,111.89363508205793,106.00153508205791,106.00153508205791,39.86471,39.86471,4225.720455601065,4225.720455601065
2018-09-17,perfumery,111.89363508205793,106.00153508205791,106.00153508205791,39.56099,39.56099,4193.525669365942,4193.525669365942
2018-09-24,perfumery,111.89363508205793,106.00153508205791,106.00153508205791,42.001957,42.001957,4452.271918450588,4452.271918450588
2018-10-01,perfumery,111.89363508205793,106.00153508205791,106.00153508205791,33.614037,33.614037,3563.139522305093,3563.139522305093
2018-10-08,perfumery,111.89363508205793,106.00153508205791,106.00153508205791,31.447397,31.447397,3333.4723563349025,3333.4723563349025
2018-10-15,perfumery,111.89363508205793,106.00153508205791,106.00153508205791,31.35142,31.35142,3323.298647002332,3323.298647002332
2018-10-22,perfumery,111.89363508205793,106.00153508205791,106.00153508205791,23.832838,23.832838,2526.3174133620028,2526.3174133620028
2018-10-29,perfumery,111.89363508205793,106.00153508205791,106.00153508205791,24.965925,24.965925,2646.4263747435266,2646.4263747435266
2018-09-10,pet_shop,126.49666878128475,126.49666878128475,126.49666878128475,34.6402,34.6402,4381.8699059174605,4381.8699059174605
2018-09-17,pet_shop,126.49666878128475,126.49666878128475,126.49666878128475,35.146656,35.146656,4445.934902801754,4445.934902801754
2018-09-24,pet_shop,126.49666878128475,126.49666878128475,126.49666878128475,27.184246,27.184246,3438.716562330965,3438.716562330965
2018-10-01,pet_shop,126.49666878128475,126.49666878128475,126.49666878128475,28.2065,28.2065,3568.028287979308,3568.028287979308
2018-10-08,pet_shop,126.49666878128475,126.49666878128475,126.49666878128475,26.192411,26.192411,3313.2527388502795,3313.2527388502795
2018-10-15,pet_shop,126.49666878128475,126.49666878128475,126.49666878128475,22.83256,22.83256,2888.2427797488112,2888.2427797488112
2018-10-22,pet_shop,126.49666878128475,126.49666878128475,126.49666878128475,21.636297,21.636297,2736.919495262505,2736.919495262505
2018-10-29,pet_shop,126.49666878128475,126.49666878128475,126.49666878128475,22.51668,22.51668,2848.285012014179,2848.285012014179
2018-09-10,security_and_services,141.64499999999998,141.64499999999998,141.64499999999998,0.46810704,0.46810704,66.30502168079998,66.30502168079998
2018-09-17,security_and_services,141.64499999999998,141.64499999999998,141.64499999999998,0.16441622,0.16441622,23.288735481899998,23.288735481899998
2018-09-24,security_and_services,141.64499999999998,141.64499999999998,141.64499999999998,0.66122407,0.66122407,93.65908339514999,93.65908339514999
2018-10-01,security_and_services,141.64499999999998,141.64499999999998,141.64499999999998,0.5908052,0.5908052,83.684602554,83.684602554
2018-10-08,security_and_services,141.64499999999998,141.64499999999998,141.64499999999998,0.59260523,0.59260523,83.93956780334999,83.93956780334999
2018-10-15,security_and_services,141.64499999999998,141.64499999999998,141.64499999999998,0.62175936,0.62175936,88.06910454719998,88.06910454719998
2018-10-22,security_and_services,141.64499999999998,141.64499999999998,141.64499999999998,1.1540903,1.1540903,163.47112054349998,163.47112054349998
2018-10-29,security_and_services,141.64499999999998,141.64499999999998,141.64499999999998,1.010381,1.010381,143.11541674499998,143.11541674499998
2018-09-10,signaling_and_security,85.32225,85.32225,85.32225,5.9849825,5.9849825,510.652173110625,510.652173110625
2018-09-17,signaling_and_security,85.32225,85.32225,85.32225,4.7231493,4.7231493,402.989725361925,402.989725361925
2018-09-24,signaling_and_security,85.32225,85.32225,85.32225,4.9037848,4.9037848,418.4019526518,418.4019526518
2018-10-01,signaling_and_security,85.32225,85.32225,85.32225,6.0139985,6.0139985,513.1278835166249,513.1278835166249
2018-10-08,signaling_and_security,85.32225,85.32225,85.32225,5.1086373,5.1086373,435.88042886992497,435.88042886992497
2018-10-15,signaling_and_security,85.32225,85.32225,85.32225,6.172811,6.172811,526.67812334475,526.67812334475
2018-10-22,signaling_and_security,85.32225,85.32225,85.32225,6.09764,6.09764,520.26436449,520.26436449
2018-10-29,signaling_and_security,85.32225,85.32225,85.32225,6.2088494,6.2088494,529.75300071915,529.75300071915
2018-09-10,small_appliances,266.9498125,266.9498125,266.9498125,10.038754,10.038754,2679.843498033625,2679.843498033625
2018-09-17,small_appliances,266.9498125,266.9498125,266.9498125,8.127861,8.127861,2169.730969976062,2169.730969976062
2018-09-24,small_appliances,266.9498125,266.9498125,266.9498125,7.653184,7.653184,2043.0160338280002,2043.0160338280002
2018-10-01,small_appliances,266.9498125,266.9498125,266.9498125,9.273793,9.273793,2475.6373025138123,2475.6373025138123
2018-10-08,small_appliances,266.9498125,266.9498125,266.9498125,9.286164,9.286164,2478.9397386442497,2478.9397386442497
2018-10-15,small_appliances,266.9498125,266.9498125,266.9498125,10.385404,10.385404,2772.38165053675,2772.38165053675
2018-10-22,small_appliances,266.9498125,266.9498125,266.9498125,9.549155,9.549155,2549.145136783438,2549.145136783438
2018-10-29,small_appliances,266.9498125,266.9498125,266.9498125,8.950238,8.950238,2389.264355930375,2389.264355930375
2018-09-10,small_appliances_home_oven_and_coffee,222.05276785714284,222.05276785714284,222.05276785714284,2.9882762,2.9882762,663.5550013316249,663.5550013316249
2018-09-17,small_appliances_home_oven_and_coffee,222.05276785714284,222.05276785714284,222.05276785714284,4.4613385,4.4613385,990.6525622726339,990.6525622726339
2018-09-24,small_appliances_home_oven_and_coffee,222.05276785714284,222.05276785714284,222.05276785714284,4.054898,4.054898,900.4013242783927,900.4013242783927
2018-10-01,small_appliances_home_oven_and_coffee,222.05276785714284,222.05276785714284,222.05276785714284,3.049957,3.049957,677.2513936952678,677.2513936952678
2018-10-08,small_appliances_home_oven_and_coffee,222.05276785714284,222.05276785714284,222.05276785714284,3.801221,3.801221,844.0716442866964,844.0716442866964
2018-10-15,small_appliances_home_oven_and_coffee,222.05276785714284,222.05276785714284,222.05276785714284,3.6114857,3.6114857,801.940395761491,801.940395761491
2018-10-22,small_appliances_home_oven_and_coffee,222.05276785714284,222.05276785714284,222.05276785714284,3.018487,3.018487,670.2633930908034,670.2633930908034
2018-10-29,small_appliances_home_oven_and_coffee,222.05276785714284,222.05276785714284,222.05276785714284,2.947977,2.947977,654.6064524291963,654.6064524291963
2018-09-10,sports_leisure,106.1013118608872,107.8230389084624,107.8230389084624,72.588,72.588,7826.6587482874675,7826.6587482874675
2018-09-17,sports_leisure,106.1013118608872,107.8230389084624,107.8230389084624,73.55413,73.55413,7930.829820868101,7930.829820868101
2018-09-24,sports_leisure,106.1013118608872,107.8230389084624,107.8230389084624,55.857265,55.857265,6022.700057415294,6022.700057415294
2018-10-01,sports_leisure,106.1013118608872,107.8230389084624,107.8230389084624,54.169266,54.169266,5840.694875560849,5840.694875560849
2018-10-08,sports_leisure,106.1013118608872,107.8230389084624,107.8230389084624,55.756485,55.756485,6011.8336515541,6011.8336515541
2018-10-15,sports_leisure,106.1013118608872,107.8230389084624,107.8230389084624,44.386383,44.386383,4785.874701214914,4785.874701214914
2018-10-22,sports_leisure,106.1013118608872,107.8230389084624,107.8230389084624,44.35786,44.35786,4782.799264676128,4782.799264676128
2018-10-29,sports_leisure,106.1013118608872,107.8230389084624,107.8230389084624,43.418705,43.418705,4681.536718570051,4681.536718570051
2018-09-10,stationery,89.98196478683735,81.6785589897359,81.6785589897359,32.147366,32.147366,2625.7505301956303,2625.7505301956303
2018-09-17,stationery,89.98196478683735,81.6785589897359,81.6785589897359,32.043964,32.043964,2617.304803838974,2617.304803838974
2018-09-24,stationery,89.98196478683735,81.6785589897359,81.6785589897359,26.978155,26.978155,2203.5368246017388,2203.5368246017388
2018-10-01,stationery,89.98196478683735,81.6785589897359,81.6785589897359,25.193281,25.193281,2057.7508883034925,2057.7508883034925
2018-10-08,stationery,89.98196478683735,81.6785589897359,81.6785589897359,28.060347,28.060347,2291.928707711959,2291.928707711959
2018-10-15,stationery,89.98196478683735,81.6785589897359,81.6785589897359,22.156588,22.156588,1809.7181799692746,1809.7181799692746
2018-10-22,stationery,89.98196478683735,81.6785589897359,81.6785589897359,24.314674,24.314674,1985.987534625198,1985.987534625198
2018-10-29,stationery,89.98196478683735,81.6785589897359,81.6785589897359,25.94038,25.94038,2118.7728580461658,2118.7728580461658
2018-09-10,tablets_printing_image,63.7,63.7,63.7,1.0882541,1.0882541,69.32178617,69.32178617
2018-09-17,tablets_printing_image,63.7,63.7,63.7,0.8946429,0.8946429,56.98875273,56.98875273
2018-09-24,tablets_printing_image,63.7,63.7,63.7,0.89587265,0.89587265,57.06708780500001,57.06708780500001
2018-10-01,tablets_printing_image,63.7,63.7,63.7,0.6793703,0.6793703,43.275888110000004,43.275888110000004
2018-10-08,tablets_printing_image,63.7,63.7,63.7,0.74230856,0.74230856,47.285055272,47.285055272
2018-10-15,tablets_printing_image,63.7,63.7,63.7,0.8024472,0.8024472,51.11588664000001,51.11588664000001
2018-10-22,tablets_printing_image,63.7,63.7,63.7,0.8203702,0.8203702,52.257581740000006,52.257581740000006
2018-10-29,tablets_printing_image,63.7,63.7,63.7,0.8989688,0.8989688,57.26431256,57.26431256
2018-09-10,telephony,129.78883224791105,100.59024313900017,100.59024313900017,48.977497,48.977497,4926.658331569651,4926.658331569651
2018-09-17,telephony,129.78883224791105,100.59024313900017,100.59024313900017,38.738853,38.738853,3896.750642195986,3896.750642195986
2018-09-24,telephony,129.78883224791105,100.59024313900017,100.59024313900017,28.211617,28.211617,2837.8134133743506,2837.8134133743506
2018-10-01,telephony,129.78883224791105,100.59024313900017,100.59024313900017,34.40205,34.40205,3460.510573980041,3460.510573980041
2018-10-08,telephony,129.78883224791105,100.59024313900017,100.59024313900017,32.319454,32.319454,3251.0217359797316,3251.0217359797316
2018-10-15,telephony,129.78883224791105,100.59024313900017,100.59024313900017,23.318434,23.318434,2345.606945680728,2345.606945680728
2018-10-22,telephony,129.78883224791105,100.59024313900017,100.59024313900017,25.995558,25.995558,2614.8994997539808,2614.8994997539808
2018-10-29,telephony,129.78883224791105,100.59024313900017,100.59024313900017,24.967037,24.967037,2511.4403222904134,2511.4403222904134
2018-09-10,toys,103.82085962301588,95.6297048611111,95.6297048611111,33.144478,33.144478,3169.59664891559,3169.59664891559
2018-09-17,toys,103.82085962301588,95.6297048611111,95.6297048611111,30.721386,30.721386,2937.87707610427,2937.87707610427
2018-09-24,toys,103.82085962301588,95.6297048611111,95.6297048611111,26.539455,26.539455,2537.960248824739,2537.960248824739
2018-10-01,toys,103.82085962301588,95.6297048611111,95.6297048611111,28.068602,28.068602,2684.1921251239924,2684.1921251239924
2018-10-08,toys,103.82085962301588,95.6297048611111,95.6297048611111,27.674389,27.674389,2646.4936522815797,2646.4936522815797
2018-10-15,toys,103.82085962301588,95.6297048611111,95.6297048611111,23.45406,23.45406,2242.904835594791,2242.904835594791
2018-10-22,toys,103.82085962301588,95.6297048611111,95.6297048611111,25.336485,25.336485,2422.9205827679684,2422.9205827679684
2018-10-29,toys,103.82085962301588,95.6297048611111,95.6297048611111,23.835073,23.835073,2279.3409963330378,2279.3409963330378
2018-09-10,unknown,123.71496428571427,156.12571428571428,156.12571428571428,8.370197,8.370197,1306.8029853371427,1306.8029853371427
2018-09-17,unknown,123.71496428571427,156.12571428571428,156.12571428571428,7.1111836,7.1111836,1110.238618966857,1110.238618966857
2018-09-24,unknown,123.71496428571427,156.12571428571428,156.12571428571428,5.5648685,5.5648685,868.8190694685715,868.8190694685715
2018-10-01,unknown,123.71496428571427,156.12571428571428,156.12571428571428,7.9696,7.9696,1244.2594925714286,1244.2594925714286
2018-10-08,unknown,123.71496428571427,156.12571428571428,156.12571428571428,7.6415825,7.6415825,1193.0475260857143,1193.0475260857143
2018-10-15,unknown,123.71496428571427,156.12571428571428,156.12571428571428,7.4766226,7.4766226,1167.2930438697142,1167.2930438697142
2018-10-22,unknown,123.71496428571427,156.12571428571428,156.12571428571428,7.3954787,7.3954787,1154.6243945222857,1154.6243945222857
2018-10-29,unknown,123.71496428571427,156.12571428571428,156.12571428571428,8.597445,8.597445,1342.2822416571428,1342.2822416571428
2018-09-10,watches_gifts,168.48735467296967,152.6711204957545,152.6711204957545,77.18168,77.18168,11783.413567344765,11783.413567344765
2018-09-17,watches_gifts,168.48735467296967,152.6711204957545,152.6711204957545,84.49086,84.49086,12899.314267849924,12899.314267849924
2018-09-24,watches_gifts,168.48735467296967,152.6711204957545,152.6711204957545,54.965134,54.965134,8391.588595979292,8391.588595979292
2018-10-01,watches_gifts,168.48735467296967,152.6711204957545,152.6711204957545,60.132496,60.132496,9180.495542526476,9180.495542526476
2018-10-08,watches_gifts,168.48735467296967,152.6711204957545,152.6711204957545,56.979332,56.979332,8699.098461539601,8699.098461539601
2018-10-15,watches_gifts,168.48735467296967,152.6711204957545,152.6711204957545,49.813602,49.813602,7605.098433269558,7605.098433269558
2018-10-22,watches_gifts,168.48735467296967,152.6711204957545,152.6711204957545,46.903008,46.903008,7160.734785981338,7160.734785981338
2018-10-29,watches_gifts,168.48735467296967,152.6711204957545,152.6711204957545,46.661854,46.661854,7123.9175345893045,7123.9175345893045
