order_week,product_category_name_english,cat_key,base_price,applied_pct,planned_price
2018-09-10,agro_industry_and_commerce,agro_industry_and_commerce,190.3938888888889,0.0,190.3938888888889
2018-09-10,air_conditioning,air_conditioning,187.45958333333334,0.0,187.45958333333334
2018-09-10,art,art,90.10166666666666,0.0,90.10166666666666
2018-09-10,arts_and_craftmanship,arts_and_craftmanship,79.02419642857143,0.0,79.02419642857143
2018-09-10,audio,audio,71.62333333333332,0.0,71.62333333333332
2018-09-10,auto,auto,113.60927859764467,0.0,113.60927859764467
2018-09-10,baby,baby,99.84017806412338,0.0,99.84017806412338
2018-09-10,bed_bath_table,bed_bath_table,89.71934622959466,0.1,98.69128085255414
2018-09-10,books_general_interest,books_general_interest,37.23354395604396,0.0,37.23354395604396
2018-09-10,books_imported,books_imported,217.2525,0.0,217.2525
2018-09-10,books_technical,books_technical,49.56099431818183,0.0,49.56099431818183
2018-09-10,cds_dvds_musicals,cds_dvds_musicals,65.0,0.0,65.0
2018-09-10,christmas_supplies,christmas_supplies,63.98675,0.0,63.98675
2018-09-10,cine_photo,cine_photo,58.63354166666667,0.0,58.63354166666667
2018-09-10,computers,computers,841.8125,0.1,925.9937500000001
2018-09-10,computers_accessories,computers_accessories,85.51796961177931,0.0,85.51796961177931
2018-09-10,consoles_games,consoles_games,72.20782142857144,0.0,72.20782142857144
2018-09-10,construction_tools_construction,construction_tools_construction,124.32210567663154,0.0,124.32210567663154
2018-09-10,construction_tools_lights,construction_tools_lights,101.3074031986532,0.0,101.3074031986532
2018-09-10,construction_tools_safety,construction_tools_safety,153.65541666666667,0.0,153.65541666666667
2018-09-10,cool_stuff,cool_stuff,121.65099122807015,0.0,121.65099122807015
2018-09-10,costruction_tools_garden,costruction_tools_garden,110.5209375,0.05,116.04698437500001
2018-09-10,costruction_tools_tools,costruction_tools_tools,117.264375,0.0,117.264375
2018-09-10,diapers_and_hygiene,diapers_and_hygiene,69.7225,0.0,69.7225
2018-09-10,drinks,drinks,43.16420138888889,0.0,43.16420138888889
2018-09-10,dvds_blu_ray,dvds_blu_ray,47.25875,0.0,47.25875
2018-09-10,electronics,electronics,95.01823675775978,0.0,95.01823675775978
2018-09-10,fashio_female_clothing,fashio_female_clothing,36.865,0.0,36.865
2018-09-10,fashion_bags_accessories,fashion_bags_accessories,63.02113952020202,0.0,63.02113952020202
2018-09-10,fashion_childrens_clothes,fashion_childrens_clothes,52.489999999999995,0.0,52.489999999999995
2018-09-10,fashion_male_clothing,fashion_male_clothing,106.91,0.0,106.91
2018-09-10,fashion_shoes,fashion_shoes,173.0,0.0,173.0
2018-09-10,fashion_sport,fashion_sport,77.4,0.0,77.4
2018-09-10,fashion_underwear_beach,fashion_underwear_beach,69.9125,0.0,69.9125
2018-09-10,fixed_telephony,fixed_telephony,265.33458333333334,0.0,265.33458333333334
2018-09-10,flowers,flowers,44.08625,0.0,44.08625
2018-09-10,food,food,69.17852859177859,0.0,69.17852859177859
2018-09-10,food_drink,food_drink,43.81729166666667,0.0,43.81729166666667
2018-09-10,furniture_bedroom,furniture_bedroom,167.35,0.0,167.35
2018-09-10,furniture_decor,furniture_decor,92.95113070077865,0.0,92.95113070077865
2018-09-10,furniture_living_room,furniture_living_room,123.72369218200102,0.0,123.72369218200102
2018-09-10,furniture_mattress_and_upholstery,furniture_mattress_and_upholstery,114.975,0.0,114.975
2018-09-10,garden_tools,garden_tools,99.18884446007921,0.0,99.18884446007921
2018-09-10,health_beauty,health_beauty,128.99002586709415,0.1,141.88902845380358
2018-09-10,home_appliances,home_appliances,87.52751657572024,0.0,87.52751657572024
2018-09-10,home_appliances_2,home_appliances_2,524.9155000000001,0.0,524.9155000000001
2018-09-10,home_comfort_2,home_comfort_2,12.9,-0.05,12.254999999999999
2018-09-10,home_confort,home_confort,158.583375,0.0,158.583375
2018-09-10,home_construction,home_construction,179.10909161490684,0.0,179.10909161490684
2018-09-10,housewares,housewares,87.71028803061662,0.0,87.71028803061662
2018-09-10,industry_commerce_and_business,industry_commerce_and_business,262.48,0.05,275.60400000000004
2018-09-10,kitchen_dining_laundry_garden_furniture,kitchen_dining_laundry_garden_furniture,136.19035714285715,0.0,136.19035714285715
2018-09-10,la_cuisine,la_cuisine,194.5,0.0,194.5
2018-09-10,luggage_accessories,luggage_accessories,82.55378654970761,0.0,82.55378654970761
2018-09-10,market_place,market_place,121.46208333333333,0.0,121.46208333333333
2018-09-10,music,music,75.41333333333333,0.0,75.41333333333333
2018-09-10,musical_instruments,musical_instruments,244.7041319444444,0.0,244.7041319444444
2018-09-10,office_furniture,office_furniture,321.97749999999996,0.0,321.97749999999996
2018-09-10,party_supplies,party_supplies,90.47708333333333,0.0,90.47708333333333
2018-09-10,perfumery,perfumery,106.00153508205791,0.0,106.00153508205791
2018-09-10,pet_shop,pet_shop,126.49666878128477,0.0,126.49666878128477
2018-09-10,security_and_services,security_and_services,141.64499999999998,0.0,141.64499999999998
2018-09-10,signaling_and_security,signaling_and_security,85.32225,0.0,85.32225
2018-09-10,small_appliances,small_appliances,266.9498125,0.0,266.9498125
2018-09-10,small_appliances_home_oven_and_coffee,small_appliances_home_oven_and_coffee,222.05276785714284,0.0,222.05276785714284
2018-09-10,sports_leisure,sports_leisure,98.02094446223855,0.1,107.82303890846241
2018-09-10,stationery,stationery,81.6785589897359,0.0,81.6785589897359
2018-09-10,tablets_printing_image,tablets_printing_image,63.7,0.0,63.7
2018-09-10,telephony,telephony,100.59024313900015,0.0,100.59024313900015
2018-09-10,toys,toys,95.6297048611111,0.0,95.6297048611111
2018-09-10,unknown,unknown,156.12571428571428,0.0,156.12571428571428
2018-09-10,watches_gifts,watches_gifts,152.6711204957545,0.0,152.6711204957545
2018-09-17,agro_industry_and_commerce,agro_industry_and_commerce,190.3938888888889,0.0,190.3938888888889
2018-09-17,air_conditioning,air_conditioning,187.45958333333334,0.0,187.45958333333334
2018-09-17,art,art,90.10166666666666,0.0,90.10166666666666
2018-09-17,arts_and_craftmanship,arts_and_craftmanship,79.02419642857143,0.0,79.02419642857143
2018-09-17,audio,audio,71.62333333333332,0.0,71.62333333333332
2018-09-17,auto,auto,113.60927859764467,0.0,113.60927859764467
2018-09-17,baby,baby,99.84017806412338,0.0,99.84017806412338
2018-09-17,bed_bath_table,bed_bath_table,89.71934622959466,0.1,98.69128085255414
2018-09-17,books_general_interest,books_general_interest,37.23354395604396,0.0,37.23354395604396
2018-09-17,books_imported,books_imported,217.2525,0.0,217.2525
2018-09-17,books_technical,books_technical,49.56099431818183,0.0,49.56099431818183
2018-09-17,cds_dvds_musicals,cds_dvds_musicals,65.0,0.0,65.0
2018-09-17,christmas_supplies,christmas_supplies,63.98675,0.0,63.98675
2018-09-17,cine_photo,cine_photo,58.63354166666667,0.0,58.63354166666667
2018-09-17,computers,computers,841.8125,0.1,925.9937500000001
2018-09-17,computers_accessories,computers_accessories,85.51796961177931,0.0,85.51796961177931
2018-09-17,consoles_games,consoles_games,72.20782142857144,0.0,72.20782142857144
2018-09-17,construction_tools_construction,construction_tools_construction,124.32210567663154,0.0,124.32210567663154
2018-09-17,construction_tools_lights,construction_tools_lights,101.3074031986532,0.0,101.3074031986532
2018-09-17,construction_tools_safety,construction_tools_safety,153.65541666666667,0.0,153.65541666666667
2018-09-17,cool_stuff,cool_stuff,121.65099122807015,0.0,121.65099122807015
2018-09-17,costruction_tools_garden,costruction_tools_garden,110.5209375,0.05,116.04698437500001
2018-09-17,costruction_tools_tools,costruction_tools_tools,117.264375,0.0,117.264375
2018-09-17,diapers_and_hygiene,diapers_and_hygiene,69.7225,0.0,69.7225
2018-09-17,drinks,drinks,43.16420138888889,0.0,43.16420138888889
2018-09-17,dvds_blu_ray,dvds_blu_ray,47.25875,0.0,47.25875
2018-09-17,electronics,electronics,95.01823675775978,0.0,95.01823675775978
2018-09-17,fashio_female_clothing,fashio_female_clothing,36.865,0.0,36.865
2018-09-17,fashion_bags_accessories,fashion_bags_accessories,63.02113952020202,0.0,63.02113952020202
2018-09-17,fashion_childrens_clothes,fashion_childrens_clothes,52.489999999999995,0.0,52.489999999999995
2018-09-17,fashion_male_clothing,fashion_male_clothing,106.91,0.0,106.91
2018-09-17,fashion_shoes,fashion_shoes,173.0,0.0,173.0
2018-09-17,fashion_sport,fashion_sport,77.4,0.0,77.4
2018-09-17,fashion_underwear_beach,fashion_underwear_beach,69.9125,0.0,69.9125
2018-09-17,fixed_telephony,fixed_telephony,265.33458333333334,0.0,265.33458333333334
2018-09-17,flowers,flowers,44.08625,0.0,44.08625
2018-09-17,food,food,69.17852859177859,0.0,69.17852859177859
2018-09-17,food_drink,food_drink,43.81729166666667,0.0,43.81729166666667
2018-09-17,furniture_bedroom,furniture_bedroom,167.35,0.0,167.35
2018-09-17,furniture_decor,furniture_decor,92.95113070077865,0.0,92.95113070077865
2018-09-17,furniture_living_room,furniture_living_room,123.72369218200102,0.0,123.72369218200102
2018-09-17,furniture_mattress_and_upholstery,furniture_mattress_and_upholstery,114.975,0.0,114.975
2018-09-17,garden_tools,garden_tools,99.18884446007921,0.0,99.18884446007921
2018-09-17,health_beauty,health_beauty,128.99002586709415,0.1,141.88902845380358
2018-09-17,home_appliances,home_appliances,87.52751657572024,0.0,87.52751657572024
2018-09-17,home_appliances_2,home_appliances_2,524.9155000000001,0.0,524.9155000000001
2018-09-17,home_comfort_2,home_comfort_2,12.9,-0.05,12.254999999999999
2018-09-17,home_confort,home_confort,158.583375,0.0,158.583375
2018-09-17,home_construction,home_construction,179.10909161490684,0.0,179.10909161490684
2018-09-17,housewares,housewares,87.71028803061662,0.0,87.71028803061662
2018-09-17,industry_commerce_and_business,industry_commerce_and_business,262.48,0.05,275.60400000000004
2018-09-17,kitchen_dining_laundry_garden_furniture,kitchen_dining_laundry_garden_furniture,136.19035714285715,0.0,136.19035714285715
2018-09-17,la_cuisine,la_cuisine,194.5,0.0,194.5
2018-09-17,luggage_accessories,luggage_accessories,82.55378654970761,0.0,82.55378654970761
2018-09-17,market_place,market_place,121.46208333333333,0.0,121.46208333333333
2018-09-17,music,music,75.41333333333333,0.0,75.41333333333333
2018-09-17,musical_instruments,musical_instruments,244.7041319444444,0.0,244.7041319444444
2018-09-17,office_furniture,office_furniture,321.97749999999996,0.0,321.97749999999996
2018-09-17,party_supplies,party_supplies,90.47708333333333,0.0,90.47708333333333
2018-09-17,perfumery,perfumery,106.00153508205791,0.0,106.00153508205791
2018-09-17,pet_shop,pet_shop,126.49666878128477,0.0,126.49666878128477
2018-09-17,security_and_services,security_and_services,141.64499999999998,0.0,141.64499999999998
2018-09-17,signaling_and_security,signaling_and_security,85.32225,0.0,85.32225
2018-09-17,small_appliances,small_appliances,266.9498125,0.0,266.9498125
2018-09-17,small_appliances_home_oven_and_coffee,small_appliances_home_oven_and_coffee,222.05276785714284,0.0,222.05276785714284
2018-09-17,sports_leisure,sports_leisure,98.02094446223855,0.1,107.82303890846241
2018-09-17,stationery,stationery,81.6785589897359,0.0,81.6785589897359
2018-09-17,tablets_printing_image,tablets_printing_image,63.7,0.0,63.7
2018-09-17,telephony,telephony,100.59024313900015,0.0,100.59024313900015
2018-09-17,toys,toys,95.6297048611111,0.0,95.6297048611111
2018-09-17,unknown,unknown,156.12571428571428,0.0,156.12571428571428
2018-09-17,watches_gifts,watches_gifts,152.6711204957545,0.0,152.6711204957545
2018-09-24,agro_industry_and_commerce,agro_industry_and_commerce,190.3938888888889,0.0,190.3938888888889
2018-09-24,air_conditioning,air_conditioning,187.45958333333334,0.0,187.45958333333334
2018-09-24,art,art,90.10166666666666,0.0,90.10166666666666
2018-09-24,arts_and_craftmanship,arts_and_craftmanship,79.02419642857143,0.0,79.02419642857143
2018-09-24,audio,audio,71.62333333333332,0.0,71.62333333333332
2018-09-24,auto,auto,113.60927859764467,0.0,113.60927859764467
2018-09-24,baby,baby,99.84017806412338,0.0,99.84017806412338
2018-09-24,bed_bath_table,bed_bath_table,89.71934622959466,0.1,98.69128085255414
2018-09-24,books_general_interest,books_general_interest,37.23354395604396,0.0,37.23354395604396
2018-09-24,books_imported,books_imported,217.2525,0.0,217.2525
2018-09-24,books_technical,books_technical,49.56099431818183,0.0,49.56099431818183
2018-09-24,cds_dvds_musicals,cds_dvds_musicals,65.0,0.0,65.0
2018-09-24,christmas_supplies,christmas_supplies,63.98675,0.0,63.98675
2018-09-24,cine_photo,cine_photo,58.63354166666667,0.0,58.63354166666667
2018-09-24,computers,computers,841.8125,0.1,925.9937500000001
2018-09-24,computers_accessories,computers_accessories,85.51796961177931,0.0,85.51796961177931
2018-09-24,consoles_games,consoles_games,72.20782142857144,0.0,72.20782142857144
2018-09-24,construction_tools_construction,construction_tools_construction,124.32210567663154,0.0,124.32210567663154
2018-09-24,construction_tools_lights,construction_tools_lights,101.3074031986532,0.0,101.3074031986532
2018-09-24,construction_tools_safety,construction_tools_safety,153.65541666666667,0.0,153.65541666666667
2018-09-24,cool_stuff,cool_stuff,121.65099122807015,0.0,121.65099122807015
2018-09-24,costruction_tools_garden,costruction_tools_garden,110.5209375,0.05,116.04698437500001
2018-09-24,costruction_tools_tools,costruction_tools_tools,117.264375,0.0,117.264375
2018-09-24,diapers_and_hygiene,diapers_and_hygiene,69.7225,0.0,69.7225
2018-09-24,drinks,drinks,43.16420138888889,0.0,43.16420138888889
2018-09-24,dvds_blu_ray,dvds_blu_ray,47.25875,0.0,47.25875
2018-09-24,electronics,electronics,95.01823675775978,0.0,95.01823675775978
2018-09-24,fashio_female_clothing,fashio_female_clothing,36.865,0.0,36.865
2018-09-24,fashion_bags_accessories,fashion_bags_accessories,63.02113952020202,0.0,63.02113952020202
2018-09-24,fashion_childrens_clothes,fashion_childrens_clothes,52.489999999999995,0.0,52.489999999999995
2018-09-24,fashion_male_clothing,fashion_male_clothing,106.91,0.0,106.91
2018-09-24,fashion_shoes,fashion_shoes,173.0,0.0,173.0
2018-09-24,fashion_sport,fashion_sport,77.4,0.0,77.4
2018-09-24,fashion_underwear_beach,fashion_underwear_beach,69.9125,0.0,69.9125
2018-09-24,fixed_telephony,fixed_telephony,265.33458333333334,0.0,265.33458333333334
2018-09-24,flowers,flowers,44.08625,0.0,44.08625
2018-09-24,food,food,69.17852859177859,0.0,69.17852859177859
2018-09-24,food_drink,food_drink,43.81729166666667,0.0,43.81729166666667
2018-09-24,furniture_bedroom,furniture_bedroom,167.35,0.0,167.35
2018-09-24,furniture_decor,furniture_decor,92.95113070077865,0.0,92.95113070077865
2018-09-24,furniture_living_room,furniture_living_room,123.72369218200102,0.0,123.72369218200102
2018-09-24,furniture_mattress_and_upholstery,furniture_mattress_and_upholstery,114.975,0.0,114.975
2018-09-24,garden_tools,garden_tools,99.18884446007921,0.0,99.18884446007921
2018-09-24,health_beauty,health_beauty,128.99002586709415,0.1,141.88902845380358
2018-09-24,home_appliances,home_appliances,87.52751657572024,0.0,87.52751657572024
2018-09-24,home_appliances_2,home_appliances_2,524.9155000000001,0.0,524.9155000000001
2018-09-24,home_comfort_2,home_comfort_2,12.9,-0.05,12.254999999999999
2018-09-24,home_confort,home_confort,158.583375,0.0,158.583375
2018-09-24,home_construction,home_construction,179.10909161490684,0.0,179.10909161490684
2018-09-24,housewares,housewares,87.71028803061662,0.0,87.71028803061662
2018-09-24,industry_commerce_and_business,industry_commerce_and_business,262.48,0.05,275.60400000000004
2018-09-24,kitchen_dining_laundry_garden_furniture,kitchen_dining_laundry_garden_furniture,136.19035714285715,0.0,136.19035714285715
2018-09-24,la_cuisine,la_cuisine,194.5,0.0,194.5
2018-09-24,luggage_accessories,luggage_accessories,82.55378654970761,0.0,82.55378654970761
2018-09-24,market_place,market_place,121.46208333333333,0.0,121.46208333333333
2018-09-24,music,music,75.41333333333333,0.0,75.41333333333333
2018-09-24,musical_instruments,musical_instruments,244.7041319444444,0.0,244.7041319444444
2018-09-24,office_furniture,office_furniture,321.97749999999996,0.0,321.97749999999996
2018-09-24,party_supplies,party_supplies,90.47708333333333,0.0,90.47708333333333
2018-09-24,perfumery,perfumery,106.00153508205791,0.0,106.00153508205791
2018-09-24,pet_shop,pet_shop,126.49666878128477,0.0,126.49666878128477
2018-09-24,security_and_services,security_and_services,141.64499999999998,0.0,141.64499999999998
2018-09-24,signaling_and_security,signaling_and_security,85.32225,0.0,85.32225
2018-09-24,small_appliances,small_appliances,266.9498125,0.0,266.9498125
2018-09-24,small_appliances_home_oven_and_coffee,small_appliances_home_oven_and_coffee,222.05276785714284,0.0,222.05276785714284
2018-09-24,sports_leisure,sports_leisure,98.02094446223855,0.1,107.82303890846241
2018-09-24,stationery,stationery,81.6785589897359,0.0,81.6785589897359
2018-09-24,tablets_printing_image,tablets_printing_image,63.7,0.0,63.7
2018-09-24,telephony,telephony,100.59024313900015,0.0,100.59024313900015
2018-09-24,toys,toys,95.6297048611111,0.0,95.6297048611111
2018-09-24,unknown,unknown,156.12571428571428,0.0,156.12571428571428
2018-09-24,watches_gifts,watches_gifts,152.6711204957545,0.0,152.6711204957545
2018-10-01,agro_industry_and_commerce,agro_industry_and_commerce,190.3938888888889,0.0,190.3938888888889
2018-10-01,air_conditioning,air_conditioning,187.45958333333334,0.0,187.45958333333334
2018-10-01,art,art,90.10166666666666,0.0,90.10166666666666
2018-10-01,arts_and_craftmanship,arts_and_craftmanship,79.02419642857143,0.0,79.02419642857143
2018-10-01,audio,audio,71.62333333333332,0.0,71.62333333333332
2018-10-01,auto,auto,113.60927859764467,0.0,113.60927859764467
2018-10-01,baby,baby,99.84017806412338,0.0,99.84017806412338
2018-10-01,bed_bath_table,bed_bath_table,89.71934622959466,0.1,98.69128085255414
2018-10-01,books_general_interest,books_general_interest,37.23354395604396,0.0,37.23354395604396
2018-10-01,books_imported,books_imported,217.2525,0.0,217.2525
2018-10-01,books_technical,books_technical,49.56099431818183,0.0,49.56099431818183
2018-10-01,cds_dvds_musicals,cds_dvds_musicals,65.0,0.0,65.0
2018-10-01,christmas_supplies,christmas_supplies,63.98675,0.0,63.98675
2018-10-01,cine_photo,cine_photo,58.63354166666667,0.0,58.63354166666667
2018-10-01,computers,computers,841.8125,0.1,925.9937500000001
2018-10-01,computers_accessories,computers_accessories,85.51796961177931,0.0,85.51796961177931
2018-10-01,consoles_games,consoles_games,72.20782142857144,0.0,72.20782142857144
2018-10-01,construction_tools_construction,construction_tools_construction,124.32210567663154,0.0,124.32210567663154
2018-10-01,construction_tools_lights,construction_tools_lights,101.3074031986532,0.0,101.3074031986532
2018-10-01,construction_tools_safety,construction_tools_safety,153.65541666666667,0.0,153.65541666666667
2018-10-01,cool_stuff,cool_stuff,121.65099122807015,0.0,121.65099122807015
2018-10-01,costruction_tools_garden,costruction_tools_garden,110.5209375,0.05,116.04698437500001
2018-10-01,costruction_tools_tools,costruction_tools_tools,117.264375,0.0,117.264375
2018-10-01,diapers_and_hygiene,diapers_and_hygiene,69.7225,0.0,69.7225
2018-10-01,drinks,drinks,43.16420138888889,0.0,43.16420138888889
2018-10-01,dvds_blu_ray,dvds_blu_ray,47.25875,0.0,47.25875
2018-10-01,electronics,electronics,95.01823675775978,0.0,95.01823675775978
2018-10-01,fashio_female_clothing,fashio_female_clothing,36.865,0.0,36.865
2018-10-01,fashion_bags_accessories,fashion_bags_accessories,63.02113952020202,0.0,63.02113952020202
2018-10-01,fashion_childrens_clothes,fashion_childrens_clothes,52.489999999999995,0.0,52.489999999999995
2018-10-01,fashion_male_clothing,fashion_male_clothing,106.91,0.0,106.91
2018-10-01,fashion_shoes,fashion_shoes,173.0,0.0,173.0
2018-10-01,fashion_sport,fashion_sport,77.4,0.0,77.4
2018-10-01,fashion_underwear_beach,fashion_underwear_beach,69.9125,0.0,69.9125
2018-10-01,fixed_telephony,fixed_telephony,265.33458333333334,0.0,265.33458333333334
2018-10-01,flowers,flowers,44.08625,0.0,44.08625
2018-10-01,food,food,69.17852859177859,0.0,69.17852859177859
2018-10-01,food_drink,food_drink,43.81729166666667,0.0,43.81729166666667
2018-10-01,furniture_bedroom,furniture_bedroom,167.35,0.0,167.35
2018-10-01,furniture_decor,furniture_decor,92.95113070077865,0.0,92.95113070077865
2018-10-01,furniture_living_room,furniture_living_room,123.72369218200102,0.0,123.72369218200102
2018-10-01,furniture_mattress_and_upholstery,furniture_mattress_and_upholstery,114.975,0.0,114.975
2018-10-01,garden_tools,garden_tools,99.18884446007921,0.0,99.18884446007921
2018-10-01,health_beauty,health_beauty,128.99002586709415,0.1,141.88902845380358
2018-10-01,home_appliances,home_appliances,87.52751657572024,0.0,87.52751657572024
2018-10-01,home_appliances_2,home_appliances_2,524.9155000000001,0.0,524.9155000000001
2018-10-01,home_comfort_2,home_comfort_2,12.9,-0.05,12.254999999999999
2018-10-01,home_confort,home_confort,158.583375,0.0,158.583375
2018-10-01,home_construction,home_construction,179.10909161490684,0.0,179.10909161490684
2018-10-01,housewares,housewares,87.71028803061662,0.0,87.71028803061662
2018-10-01,industry_commerce_and_business,industry_commerce_and_business,262.48,0.05,275.60400000000004
2018-10-01,kitchen_dining_laundry_garden_furniture,kitchen_dining_laundry_garden_furniture,136.19035714285715,0.0,136.19035714285715
2018-10-01,la_cuisine,la_cuisine,194.5,0.0,194.5
2018-10-01,luggage_accessories,luggage_accessories,82.55378654970761,0.0,82.55378654970761
2018-10-01,market_place,market_place,121.46208333333333,0.0,121.46208333333333
2018-10-01,music,music,75.41333333333333,0.0,75.41333333333333
2018-10-01,musical_instruments,musical_instruments,244.7041319444444,0.0,244.7041319444444
2018-10-01,office_furniture,office_furniture,321.97749999999996,0.0,321.97749999999996
2018-10-01,party_supplies,party_supplies,90.47708333333333,0.0,90.47708333333333
2018-10-01,perfumery,perfumery,106.00153508205791,0.0,106.00153508205791
2018-10-01,pet_shop,pet_shop,126.49666878128477,0.0,126.49666878128477
2018-10-01,security_and_services,security_and_services,141.64499999999998,0.0,141.64499999999998
2018-10-01,signaling_and_security,signaling_and_security,85.32225,0.0,85.32225
2018-10-01,small_appliances,small_appliances,266.9498125,0.0,266.9498125
2018-10-01,small_appliances_home_oven_and_coffee,small_appliances_home_oven_and_coffee,222.05276785714284,0.0,222.05276785714284
2018-10-01,sports_leisure,sports_leisure,98.02094446223855,0.1,107.82303890846241
2018-10-01,stationery,stationery,81.6785589897359,0.0,81.6785589897359
2018-10-01,tablets_printing_image,tablets_printing_image,63.7,0.0,63.7
2018-10-01,telephony,telephony,100.59024313900015,0.0,100.59024313900015
2018-10-01,toys,toys,95.6297048611111,0.0,95.6297048611111
2018-10-01,unknown,unknown,156.12571428571428,0.0,156.12571428571428
2018-10-01,watches_gifts,watches_gifts,152.6711204957545,0.0,152.6711204957545
2018-10-08,agro_industry_and_commerce,agro_industry_and_commerce,190.3938888888889,0.0,190.3938888888889
2018-10-08,air_conditioning,air_conditioning,187.45958333333334,0.0,187.45958333333334
2018-10-08,art,art,90.10166666666666,0.0,90.10166666666666
2018-10-08,arts_and_craftmanship,arts_and_craftmanship,79.02419642857143,0.0,79.02419642857143
2018-10-08,audio,audio,71.62333333333332,0.0,71.62333333333332
2018-10-08,auto,auto,113.60927859764467,0.0,113.60927859764467
2018-10-08,baby,baby,99.84017806412338,0.0,99.84017806412338
2018-10-08,bed_bath_table,bed_bath_table,89.71934622959466,0.1,98.69128085255414
2018-10-08,books_general_interest,books_general_interest,37.23354395604396,0.0,37.23354395604396
2018-10-08,books_imported,books_imported,217.2525,0.0,217.2525
2018-10-08,books_technical,books_technical,49.56099431818183,0.0,49.56099431818183
2018-10-08,cds_dvds_musicals,cds_dvds_musicals,65.0,0.0,65.0
2018-10-08,christmas_supplies,christmas_supplies,63.98675,0.0,63.98675
2018-10-08,cine_photo,cine_photo,58.63354166666667,0.0,58.63354166666667
2018-10-08,computers,computers,841.8125,0.1,925.9937500000001
2018-10-08,computers_accessories,computers_accessories,85.51796961177931,0.0,85.51796961177931
2018-10-08,consoles_games,consoles_games,72.20782142857144,0.0,72.20782142857144
2018-10-08,construction_tools_construction,construction_tools_construction,124.32210567663154,0.0,124.32210567663154
2018-10-08,construction_tools_lights,construction_tools_lights,101.3074031986532,0.0,101.3074031986532
2018-10-08,construction_tools_safety,construction_tools_safety,153.65541666666667,0.0,153.65541666666667
2018-10-08,cool_stuff,cool_stuff,121.65099122807015,0.0,121.65099122807015
2018-10-08,costruction_tools_garden,costruction_tools_garden,110.5209375,0.05,116.04698437500001
2018-10-08,costruction_tools_tools,costruction_tools_tools,117.264375,0.0,117.264375
2018-10-08,diapers_and_hygiene,diapers_and_hygiene,69.7225,0.0,69.7225
2018-10-08,drinks,drinks,43.16420138888889,0.0,43.16420138888889
2018-10-08,dvds_blu_ray,dvds_blu_ray,47.25875,0.0,47.25875
2018-10-08,electronics,electronics,95.01823675775978,0.0,95.01823675775978
2018-10-08,fashio_female_clothing,fashio_female_clothing,36.865,0.0,36.865
2018-10-08,fashion_bags_accessories,fashion_bags_accessories,63.02113952020202,0.0,63.02113952020202
2018-10-08,fashion_childrens_clothes,fashion_childrens_clothes,52.489999999999995,0.0,52.489999999999995
2018-10-08,fashion_male_clothing,fashion_male_clothing,106.91,0.0,106.91
2018-10-08,fashion_shoes,fashion_shoes,173.0,0.0,173.0
2018-10-08,fashion_sport,fashion_sport,77.4,0.0,77.4
2018-10-08,fashion_underwear_beach,fashion_underwear_beach,69.9125,0.0,69.9125
2018-10-08,fixed_telephony,fixed_telephony,265.33458333333334,0.0,265.33458333333334
2018-10-08,flowers,flowers,44.08625,0.0,44.08625
2018-10-08,food,food,69.17852859177859,0.0,69.17852859177859
2018-10-08,food_drink,food_drink,43.81729166666667,0.0,43.81729166666667
2018-10-08,furniture_bedroom,furniture_bedroom,167.35,0.0,167.35
2018-10-08,furniture_decor,furniture_decor,92.95113070077865,0.0,92.95113070077865
2018-10-08,furniture_living_room,furniture_living_room,123.72369218200102,0.0,123.72369218200102
2018-10-08,furniture_mattress_and_upholstery,furniture_mattress_and_upholstery,114.975,0.0,114.975
2018-10-08,garden_tools,garden_tools,99.18884446007921,0.0,99.18884446007921
2018-10-08,health_beauty,health_beauty,128.99002586709415,0.1,141.88902845380358
2018-10-08,home_appliances,home_appliances,87.52751657572024,0.0,87.52751657572024
2018-10-08,home_appliances_2,home_appliances_2,524.9155000000001,0.0,524.9155000000001
2018-10-08,home_comfort_2,home_comfort_2,12.9,-0.05,12.254999999999999
2018-10-08,home_confort,home_confort,158.583375,0.0,158.583375
2018-10-08,home_construction,home_construction,179.10909161490684,0.0,179.10909161490684
2018-10-08,housewares,housewares,87.71028803061662,0.0,87.71028803061662
2018-10-08,industry_commerce_and_business,industry_commerce_and_business,262.48,0.05,275.60400000000004
2018-10-08,kitchen_dining_laundry_garden_furniture,kitchen_dining_laundry_garden_furniture,136.19035714285715,0.0,136.19035714285715
2018-10-08,la_cuisine,la_cuisine,194.5,0.0,194.5
2018-10-08,luggage_accessories,luggage_accessories,82.55378654970761,0.0,82.55378654970761
2018-10-08,market_place,market_place,121.46208333333333,0.0,121.46208333333333
2018-10-08,music,music,75.41333333333333,0.0,75.41333333333333
2018-10-08,musical_instruments,musical_instruments,244.7041319444444,0.0,244.7041319444444
2018-10-08,office_furniture,office_furniture,321.97749999999996,0.0,321.97749999999996
2018-10-08,party_supplies,party_supplies,90.47708333333333,0.0,90.47708333333333
2018-10-08,perfumery,perfumery,106.00153508205791,0.0,106.00153508205791
2018-10-08,pet_shop,pet_shop,126.49666878128477,0.0,126.49666878128477
2018-10-08,security_and_services,security_and_services,141.64499999999998,0.0,141.64499999999998
2018-10-08,signaling_and_security,signaling_and_security,85.32225,0.0,85.32225
2018-10-08,small_appliances,small_appliances,266.9498125,0.0,266.9498125
2018-10-08,small_appliances_home_oven_and_coffee,small_appliances_home_oven_and_coffee,222.05276785714284,0.0,222.05276785714284
2018-10-08,sports_leisure,sports_leisure,98.02094446223855,0.1,107.82303890846241
2018-10-08,stationery,stationery,81.6785589897359,0.0,81.6785589897359
2018-10-08,tablets_printing_image,tablets_printing_image,63.7,0.0,63.7
2018-10-08,telephony,telephony,100.59024313900015,0.0,100.59024313900015
2018-10-08,toys,toys,95.6297048611111,0.0,95.6297048611111
2018-10-08,unknown,unknown,156.12571428571428,0.0,156.12571428571428
2018-10-08,watches_gifts,watches_gifts,152.6711204957545,0.0,152.6711204957545
2018-10-15,agro_industry_and_commerce,agro_industry_and_commerce,190.3938888888889,0.0,190.3938888888889
2018-10-15,air_conditioning,air_conditioning,187.45958333333334,0.0,187.45958333333334
2018-10-15,art,art,90.10166666666666,0.0,90.10166666666666
2018-10-15,arts_and_craftmanship,arts_and_craftmanship,79.02419642857143,0.0,79.02419642857143
2018-10-15,audio,audio,71.62333333333332,0.0,71.62333333333332
2018-10-15,auto,auto,113.60927859764467,0.0,113.60927859764467
2018-10-15,baby,baby,99.84017806412338,0.0,99.84017806412338
2018-10-15,bed_bath_table,bed_bath_table,89.71934622959466,0.1,98.69128085255414
2018-10-15,books_general_interest,books_general_interest,37.23354395604396,0.0,37.23354395604396
2018-10-15,books_imported,books_imported,217.2525,0.0,217.2525
2018-10-15,books_technical,books_technical,49.56099431818183,0.0,49.56099431818183
2018-10-15,cds_dvds_musicals,cds_dvds_musicals,65.0,0.0,65.0
2018-10-15,christmas_supplies,christmas_supplies,63.98675,0.0,63.98675
2018-10-15,cine_photo,cine_photo,58.63354166666667,0.0,58.63354166666667
2018-10-15,computers,computers,841.8125,0.1,925.9937500000001
2018-10-15,computers_accessories,computers_accessories,85.51796961177931,0.0,85.51796961177931
2018-10-15,consoles_games,consoles_games,72.20782142857144,0.0,72.20782142857144
2018-10-15,construction_tools_construction,construction_tools_construction,124.32210567663154,0.0,124.32210567663154
2018-10-15,construction_tools_lights,construction_tools_lights,101.3074031986532,0.0,101.3074031986532
2018-10-15,construction_tools_safety,construction_tools_safety,153.65541666666667,0.0,153.65541666666667
2018-10-15,cool_stuff,cool_stuff,121.65099122807015,0.0,121.65099122807015
2018-10-15,costruction_tools_garden,costruction_tools_garden,110.5209375,0.05,116.04698437500001
2018-10-15,costruction_tools_tools,costruction_tools_tools,117.264375,0.0,117.264375
2018-10-15,diapers_and_hygiene,diapers_and_hygiene,69.7225,0.0,69.7225
2018-10-15,drinks,drinks,43.16420138888889,0.0,43.16420138888889
2018-10-15,dvds_blu_ray,dvds_blu_ray,47.25875,0.0,47.25875
2018-10-15,electronics,electronics,95.01823675775978,0.0,95.01823675775978
2018-10-15,fashio_female_clothing,fashio_female_clothing,36.865,0.0,36.865
2018-10-15,fashion_bags_accessories,fashion_bags_accessories,63.02113952020202,0.0,63.02113952020202
2018-10-15,fashion_childrens_clothes,fashion_childrens_clothes,52.489999999999995,0.0,52.489999999999995
2018-10-15,fashion_male_clothing,fashion_male_clothing,106.91,0.0,106.91
2018-10-15,fashion_shoes,fashion_shoes,173.0,0.0,173.0
2018-10-15,fashion_sport,fashion_sport,77.4,0.0,77.4
2018-10-15,fashion_underwear_beach,fashion_underwear_beach,69.9125,0.0,69.9125
2018-10-15,fixed_telephony,fixed_telephony,265.33458333333334,0.0,265.33458333333334
2018-10-15,flowers,flowers,44.08625,0.0,44.08625
2018-10-15,food,food,69.17852859177859,0.0,69.17852859177859
2018-10-15,food_drink,food_drink,43.81729166666667,0.0,43.81729166666667
2018-10-15,furniture_bedroom,furniture_bedroom,167.35,0.0,167.35
2018-10-15,furniture_decor,furniture_decor,92.95113070077865,0.0,92.95113070077865
2018-10-15,furniture_living_room,furniture_living_room,123.72369218200102,0.0,123.72369218200102
2018-10-15,furniture_mattress_and_upholstery,furniture_mattress_and_upholstery,114.975,0.0,114.975
2018-10-15,garden_tools,garden_tools,99.18884446007921,0.0,99.18884446007921
2018-10-15,health_beauty,health_beauty,128.99002586709415,0.1,141.88902845380358
2018-10-15,home_appliances,home_appliances,87.52751657572024,0.0,87.52751657572024
2018-10-15,home_appliances_2,home_appliances_2,524.9155000000001,0.0,524.9155000000001
2018-10-15,home_comfort_2,home_comfort_2,12.9,-0.05,12.254999999999999
2018-10-15,home_confort,home_confort,158.583375,0.0,158.583375
2018-10-15,home_construction,home_construction,179.10909161490684,0.0,179.10909161490684
2018-10-15,housewares,housewares,87.71028803061662,0.0,87.71028803061662
2018-10-15,industry_commerce_and_business,industry_commerce_and_business,262.48,0.05,275.60400000000004
2018-10-15,kitchen_dining_laundry_garden_furniture,kitchen_dining_laundry_garden_furniture,136.19035714285715,0.0,136.19035714285715
2018-10-15,la_cuisine,la_cuisine,194.5,0.0,194.5
2018-10-15,luggage_accessories,luggage_accessories,82.55378654970761,0.0,82.55378654970761
2018-10-15,market_place,market_place,121.46208333333333,0.0,121.46208333333333
2018-10-15,music,music,75.41333333333333,0.0,75.41333333333333
2018-10-15,musical_instruments,musical_instruments,244.7041319444444,0.0,244.7041319444444
2018-10-15,office_furniture,office_furniture,321.97749999999996,0.0,321.97749999999996
2018-10-15,party_supplies,party_supplies,90.47708333333333,0.0,90.47708333333333
2018-10-15,perfumery,perfumery,106.00153508205791,0.0,106.00153508205791
2018-10-15,pet_shop,pet_shop,126.49666878128477,0.0,126.49666878128477
2018-10-15,security_and_services,security_and_services,141.64499999999998,0.0,141.64499999999998
2018-10-15,signaling_and_security,signaling_and_security,85.32225,0.0,85.32225
2018-10-15,small_appliances,small_appliances,266.9498125,0.0,266.9498125
2018-10-15,small_appliances_home_oven_and_coffee,small_appliances_home_oven_and_coffee,222.05276785714284,0.0,222.05276785714284
2018-10-15,sports_leisure,sports_leisure,98.02094446223855,0.1,107.82303890846241
2018-10-15,stationery,stationery,81.6785589897359,0.0,81.6785589897359
2018-10-15,tablets_printing_image,tablets_printing_image,63.7,0.0,63.7
2018-10-15,telephony,telephony,100.59024313900015,0.0,100.59024313900015
2018-10-15,toys,toys,95.6297048611111,0.0,95.6297048611111
2018-10-15,unknown,unknown,156.12571428571428,0.0,156.12571428571428
2018-10-15,watches_gifts,watches_gifts,152.6711204957545,0.0,152.6711204957545
2018-10-22,agro_industry_and_commerce,agro_industry_and_commerce,190.3938888888889,0.0,190.3938888888889
2018-10-22,air_conditioning,air_conditioning,187.45958333333334,0.0,187.45958333333334
2018-10-22,art,art,90.10166666666666,0.0,90.10166666666666
2018-10-22,arts_and_craftmanship,arts_and_craftmanship,79.02419642857143,0.0,79.02419642857143
2018-10-22,audio,audio,71.62333333333332,0.0,71.62333333333332
2018-10-22,auto,auto,113.60927859764467,0.0,113.60927859764467
2018-10-22,baby,baby,99.84017806412338,0.0,99.84017806412338
2018-10-22,bed_bath_table,bed_bath_table,89.71934622959466,0.1,98.69128085255414
2018-10-22,books_general_interest,books_general_interest,37.23354395604396,0.0,37.23354395604396
2018-10-22,books_imported,books_imported,217.2525,0.0,217.2525
2018-10-22,books_technical,books_technical,49.56099431818183,0.0,49.56099431818183
2018-10-22,cds_dvds_musicals,cds_dvds_musicals,65.0,0.0,65.0
2018-10-22,christmas_supplies,christmas_supplies,63.98675,0.0,63.98675
2018-10-22,cine_photo,cine_photo,58.63354166666667,0.0,58.63354166666667
2018-10-22,computers,computers,841.8125,0.1,925.9937500000001
2018-10-22,computers_accessories,computers_accessories,85.51796961177931,0.0,85.51796961177931
2018-10-22,consoles_games,consoles_games,72.20782142857144,0.0,72.20782142857144
2018-10-22,construction_tools_construction,construction_tools_construction,124.32210567663154,0.0,124.32210567663154
2018-10-22,construction_tools_lights,construction_tools_lights,101.3074031986532,0.0,101.3074031986532
2018-10-22,construction_tools_safety,construction_tools_safety,153.65541666666667,0.0,153.65541666666667
2018-10-22,cool_stuff,cool_stuff,121.65099122807015,0.0,121.65099122807015
2018-10-22,costruction_tools_garden,costruction_tools_garden,110.5209375,0.05,116.04698437500001
2018-10-22,costruction_tools_tools,costruction_tools_tools,117.264375,0.0,117.264375
2018-10-22,diapers_and_hygiene,diapers_and_hygiene,69.7225,0.0,69.7225
2018-10-22,drinks,drinks,43.16420138888889,0.0,43.16420138888889
2018-10-22,dvds_blu_ray,dvds_blu_ray,47.25875,0.0,47.25875
2018-10-22,electronics,electronics,95.01823675775978,0.0,95.01823675775978
2018-10-22,fashio_female_clothing,fashio_female_clothing,36.865,0.0,36.865
2018-10-22,fashion_bags_accessories,fashion_bags_accessories,63.02113952020202,0.0,63.02113952020202
2018-10-22,fashion_childrens_clothes,fashion_childrens_clothes,52.489999999999995,0.0,52.489999999999995
2018-10-22,fashion_male_clothing,fashion_male_clothing,106.91,0.0,106.91
2018-10-22,fashion_shoes,fashion_shoes,173.0,0.0,173.0
2018-10-22,fashion_sport,fashion_sport,77.4,0.0,77.4
2018-10-22,fashion_underwear_beach,fashion_underwear_beach,69.9125,0.0,69.9125
2018-10-22,fixed_telephony,fixed_telephony,265.33458333333334,0.0,265.33458333333334
2018-10-22,flowers,flowers,44.08625,0.0,44.08625
2018-10-22,food,food,69.17852859177859,0.0,69.17852859177859
2018-10-22,food_drink,food_drink,43.81729166666667,0.0,43.81729166666667
2018-10-22,furniture_bedroom,furniture_bedroom,167.35,0.0,167.35
2018-10-22,furniture_decor,furniture_decor,92.95113070077865,0.0,92.95113070077865
2018-10-22,furniture_living_room,furniture_living_room,123.72369218200102,0.0,123.72369218200102
2018-10-22,furniture_mattress_and_upholstery,furniture_mattress_and_upholstery,114.975,0.0,114.975
2018-10-22,garden_tools,garden_tools,99.18884446007921,0.0,99.18884446007921
2018-10-22,health_beauty,health_beauty,128.99002586709415,0.1,141.88902845380358
2018-10-22,home_appliances,home_appliances,87.52751657572024,0.0,87.52751657572024
2018-10-22,home_appliances_2,home_appliances_2,524.9155000000001,0.0,524.9155000000001
2018-10-22,home_comfort_2,home_comfort_2,12.9,-0.05,12.254999999999999
2018-10-22,home_confort,home_confort,158.583375,0.0,158.583375
2018-10-22,home_construction,home_construction,179.10909161490684,0.0,179.10909161490684
2018-10-22,housewares,housewares,87.71028803061662,0.0,87.71028803061662
2018-10-22,industry_commerce_and_business,industry_commerce_and_business,262.48,0.05,275.60400000000004
2018-10-22,kitchen_dining_laundry_garden_furniture,kitchen_dining_laundry_garden_furniture,136.19035714285715,0.0,136.19035714285715
2018-10-22,la_cuisine,la_cuisine,194.5,0.0,194.5
2018-10-22,luggage_accessories,luggage_accessories,82.55378654970761,0.0,82.55378654970761
2018-10-22,market_place,market_place,121.46208333333333,0.0,121.46208333333333
2018-10-22,music,music,75.41333333333333,0.0,75.41333333333333
2018-10-22,musical_instruments,musical_instruments,244.7041319444444,0.0,244.7041319444444
2018-10-22,office_furniture,office_furniture,321.97749999999996,0.0,321.97749999999996
2018-10-22,party_supplies,party_supplies,90.47708333333333,0.0,90.47708333333333
2018-10-22,perfumery,perfumery,106.00153508205791,0.0,106.00153508205791
2018-10-22,pet_shop,pet_shop,126.49666878128477,0.0,126.49666878128477
2018-10-22,security_and_services,security_and_services,141.64499999999998,0.0,141.64499999999998
2018-10-22,signaling_and_security,signaling_and_security,85.32225,0.0,85.32225
2018-10-22,small_appliances,small_appliances,266.9498125,0.0,266.9498125
2018-10-22,small_appliances_home_oven_and_coffee,small_appliances_home_oven_and_coffee,222.05276785714284,0.0,222.05276785714284
2018-10-22,sports_leisure,sports_leisure,98.02094446223855,0.1,107.82303890846241
2018-10-22,stationery,stationery,81.6785589897359,0.0,81.6785589897359
2018-10-22,tablets_printing_image,tablets_printing_image,63.7,0.0,63.7
2018-10-22,telephony,telephony,100.59024313900015,0.0,100.59024313900015
2018-10-22,toys,toys,95.6297048611111,0.0,95.6297048611111
2018-10-22,unknown,unknown,156.12571428571428,0.0,156.12571428571428
2018-10-22,watches_gifts,watches_gifts,152.6711204957545,0.0,152.6711204957545
2018-10-29,agro_industry_and_commerce,agro_industry_and_commerce,190.3938888888889,0.0,190.3938888888889
2018-10-29,air_conditioning,air_conditioning,187.45958333333334,0.0,187.45958333333334
2018-10-29,art,art,90.10166666666666,0.0,90.10166666666666
2018-10-29,arts_and_craftmanship,arts_and_craftmanship,79.02419642857143,0.0,79.02419642857143
2018-10-29,audio,audio,71.62333333333332,0.0,71.62333333333332
2018-10-29,auto,auto,113.60927859764467,0.0,113.60927859764467
2018-10-29,baby,baby,99.84017806412338,0.0,99.84017806412338
2018-10-29,bed_bath_table,bed_bath_table,89.71934622959466,0.1,98.69128085255414
2018-10-29,books_general_interest,books_general_interest,37.23354395604396,0.0,37.23354395604396
2018-10-29,books_imported,books_imported,217.2525,0.0,217.2525
2018-10-29,books_technical,books_technical,49.56099431818183,0.0,49.56099431818183
2018-10-29,cds_dvds_musicals,cds_dvds_musicals,65.0,0.0,65.0
2018-10-29,christmas_supplies,christmas_supplies,63.98675,0.0,63.98675
2018-10-29,cine_photo,cine_photo,58.63354166666667,0.0,58.63354166666667
2018-10-29,computers,computers,841.8125,0.1,925.9937500000001
2018-10-29,computers_accessories,computers_accessories,85.51796961177931,0.0,85.51796961177931
2018-10-29,consoles_games,consoles_games,72.20782142857144,0.0,72.20782142857144
2018-10-29,construction_tools_construction,construction_tools_construction,124.32210567663154,0.0,124.32210567663154
2018-10-29,construction_tools_lights,construction_tools_lights,101.3074031986532,0.0,101.3074031986532
2018-10-29,construction_tools_safety,construction_tools_safety,153.65541666666667,0.0,153.65541666666667
2018-10-29,cool_stuff,cool_stuff,121.65099122807015,0.0,121.65099122807015
2018-10-29,costruction_tools_garden,costruction_tools_garden,110.5209375,0.05,116.04698437500001
2018-10-29,costruction_tools_tools,costruction_tools_tools,117.264375,0.0,117.264375
2018-10-29,diapers_and_hygiene,diapers_and_hygiene,69.7225,0.0,69.7225
2018-10-29,drinks,drinks,43.16420138888889,0.0,43.16420138888889
2018-10-29,dvds_blu_ray,dvds_blu_ray,47.25875,0.0,47.25875
2018-10-29,electronics,electronics,95.01823675775978,0.0,95.01823675775978
2018-10-29,fashio_female_clothing,fashio_female_clothing,36.865,0.0,36.865
2018-10-29,fashion_bags_accessories,fashion_bags_accessories,63.02113952020202,0.0,63.02113952020202
2018-10-29,fashion_childrens_clothes,fashion_childrens_clothes,52.489999999999995,0.0,52.489999999999995
2018-10-29,fashion_male_clothing,fashion_male_clothing,106.91,0.0,106.91
2018-10-29,fashion_shoes,fashion_shoes,173.0,0.0,173.0
2018-10-29,fashion_sport,fashion_sport,77.4,0.0,77.4
2018-10-29,fashion_underwear_beach,fashion_underwear_beach,69.9125,0.0,69.9125
2018-10-29,fixed_telephony,fixed_telephony,265.33458333333334,0.0,265.33458333333334
2018-10-29,flowers,flowers,44.08625,0.0,44.08625
2018-10-29,food,food,69.17852859177859,0.0,69.17852859177859
2018-10-29,food_drink,food_drink,43.81729166666667,0.0,43.81729166666667
2018-10-29,furniture_bedroom,furniture_bedroom,167.35,0.0,167.35
2018-10-29,furniture_decor,furniture_decor,92.95113070077865,0.0,92.95113070077865
2018-10-29,furniture_living_room,furniture_living_room,123.72369218200102,0.0,123.72369218200102
2018-10-29,furniture_mattress_and_upholstery,furniture_mattress_and_upholstery,114.975,0.0,114.975
2018-10-29,garden_tools,garden_tools,99.18884446007921,0.0,99.18884446007921
2018-10-29,health_beauty,health_beauty,128.99002586709415,0.1,141.88902845380358
2018-10-29,home_appliances,home_appliances,87.52751657572024,0.0,87.52751657572024
2018-10-29,home_appliances_2,home_appliances_2,524.9155000000001,0.0,524.9155000000001
2018-10-29,home_comfort_2,home_comfort_2,12.9,-0.05,12.254999999999999
2018-10-29,home_confort,home_confort,158.583375,0.0,158.583375
2018-10-29,home_construction,home_construction,179.10909161490684,0.0,179.10909161490684
2018-10-29,housewares,housewares,87.71028803061662,0.0,87.71028803061662
2018-10-29,industry_commerce_and_business,industry_commerce_and_business,262.48,0.05,275.60400000000004
2018-10-29,kitchen_dining_laundry_garden_furniture,kitchen_dining_laundry_garden_furniture,136.19035714285715,0.0,136.19035714285715
2018-10-29,la_cuisine,la_cuisine,194.5,0.0,194.5
2018-10-29,luggage_accessories,luggage_accessories,82.55378654970761,0.0,82.55378654970761
2018-10-29,market_place,market_place,121.46208333333333,0.0,121.46208333333333
2018-10-29,music,music,75.41333333333333,0.0,75.41333333333333
2018-10-29,musical_instruments,musical_instruments,244.7041319444444,0.0,244.7041319444444
2018-10-29,office_furniture,office_furniture,321.97749999999996,0.0,321.97749999999996
2018-10-29,party_supplies,party_supplies,90.47708333333333,0.0,90.47708333333333
2018-10-29,perfumery,perfumery,106.00153508205791,0.0,106.00153508205791
2018-10-29,pet_shop,pet_shop,126.49666878128477,0.0,126.49666878128477
2018-10-29,security_and_services,security_and_services,141.64499999999998,0.0,141.64499999999998
2018-10-29,signaling_and_security,signaling_and_security,85.32225,0.0,85.32225
2018-10-29,small_appliances,small_appliances,266.9498125,0.0,266.9498125
2018-10-29,small_appliances_home_oven_and_coffee,small_appliances_home_oven_and_coffee,222.05276785714284,0.0,222.05276785714284
2018-10-29,sports_leisure,sports_leisure,98.02094446223855,0.1,107.82303890846241
2018-10-29,stationery,stationery,81.6785589897359,0.0,81.6785589897359
2018-10-29,tablets_printing_image,tablets_printing_image,63.7,0.0,63.7
2018-10-29,telephony,telephony,100.59024313900015,0.0,100.59024313900015
2018-10-29,toys,toys,95.6297048611111,0.0,95.6297048611111
2018-10-29,unknown,unknown,156.12571428571428,0.0,156.12571428571428
2018-10-29,watches_gifts,watches_gifts,152.6711204957545,0.0,152.6711204957545
